Prey \ predator,Baleen whales,Toothed whales,Seals,Seabirds,Juvenile sharks,Spurdog,Large piscivorous sharks,Small sharks,Juvenile rays,Starry ray + others,Thornback & Spotted ray,Skate + cuckoo ray,"Juvenile Cod(0-2, 0-40cm)",Cod (adult),"Juvenile Whiting (0-1, 0-20cm)",Whiting (adult),"Juvenile Haddock (0-1, 0-20cm)",Haddock (adult),"Juvenile Saithe (0-3, 0-40cm)",Saithe (adult),Hake,Blue whiting,Norway pout,Other gadoids (large),Other gadoids (small),Monkfish,Gurnards,"Herring (juvenile 0, 1)",Herring (adult),Sprat,Mackerel,Horse mackerel,Sandeels,Plaice,Dab,Long-rough dab,Flounder,Sole,Lemon sole,Witch,Turbot and brill,Megrim,Halibut,Dragonets,Catfish (Wolf-fish),Large demersal fish,Small demersal fish,Miscellaneous filterfeeding pelagic fish,Squid & cuttlefish,Fish larvae,Carnivorous zooplankton,Herbivorous & Omnivorous zooplankton (copepods),Gelatinous zooplankton,Large crabs,Nephrops,Epifaunal macrobenthos (mobile grazers),Infaunal macrobenthos,Shrimp,Small mobile epifauna (swarming crustaceans),Small infauna (polychaetes),Sessile epifauna,Meiofauna,"Benthic microflora (incl. Bacteria, protozoa))","Planktonic microflora (incl. Bacteria, protozoa)",Phytoplankton,Detritus - DOM -water column,Detritus - POM - sediment
Baleen whales,0,0,0,0,0,0,0,0,0,0,0,0,0,0,0,0,0,0,0,0,0,0,0,0,0,0,0,0,0,0,0,0,0,0,0,0,0,0,0,0,0,0,0,0,0,0,0,0,0,0,0,0,0,0,0,0,0,0,0,0,0,0,0,0,0,0.0402,0.0938
Toothed whales,0,0,0,0,0,0,0,0,0,0,0,0,0,0,0,0,0,0,0,0,0,0,0,0,0,0,0,0,0,0,0,0,0,0,0,0,0,0,0,0,0,0,0,0,0,0,0,0,0,0,0,0,0,0,0,0,0,0,0,0,0,0,0,0,0,0.0180846,0.0421974
Seals,0,0,0,0,0,0,0,0,0,0,0,0,0,0,0,0,0,0,0,0,0,0,0,0,0,0,0,0,0,0,0,0,0,0,0,0,0,0,0,0,0,0,0,0,0,0,0,0,0,0,0,0,0,0,0,0,0,0,0,0,0,0,0,0,0,0.01310016,0.03056704
Seabirds,0,0,0,0,0,0,0,0,0,0,0,0,0,0,0,0,0,0,0,0,0,0,0,0,0,0,0,0,0,0,0,0,0,0,0,0,0,0,0,0,0,0,0,0,0,0,0,0,0,0,0,0,0,0,0,0,0,0,0,0,0,0,0,0,0,0.039132,0.091308
Juvenile sharks,0,0,0,0,0,0,0.000192359,0,0,0,0,0,0,0,0,0,0,0,0,0,0,0,0,0,0,0,0,0,0,0,0,0,0,0,0,0,0,0,0,0,0,0,0,0,0,0,0,0,0,0,0,0,0,0,0,0,0,0,0,0,0,0,0,0,0,0.000242293,0.000565349
Spurdog,0,0,0,0,0,0.000664365,3.20E-05,0,0,0,0,0,0,0.00E+00,0,0,0,0,0,0,0,0,0,0,0,0,0,0,0,0,0,0,0,0,0,0,0,0,0,0,0,0,0,0,0,0,0,0,0,0,0,0,0,0,0,0,0,0,0,0,0,0,0,0,0,0.002142791,0.004999846
Large piscivorous sharks,0,0,0,0,0,0,0,0,0,0,0,0,0,0,0,0,0,0,0,0,0,0,0,0,0,0,0,0,0,0,0,0,0,0,0,0,0,0,0,0,0,0,0,0,0,0,0,0,0,0,0,0,0,0,0,0,0,0,0,0,0,0,0,0,0,0.000398421,0.000929649
Small sharks,0,0,0,0,0,0,0.000160352,0,0,0,0,0,0,0,0,0,0,0,0,0,0,0,0,0,0,0,0,0,0,0,0,0,0,0,0,0,0,0,0,0,0,0,0,0,0,0,0,0,0,0,0,0,0,0,0,0,0,0,0,0,0,0,0,0,0,0.000534143,0.001246333
Juvenile rays,0,0,0,0,0,0,0.000192359,0,0,3.71E-05,0,0,0,0.00E+00,0,0,0,0,0,0,0,0,0,0,0,0.000470961,9.31E-05,0,0,0,0,0,0,0,0,0,0,0,0,0,0,0,0,0,0,0,0,0,0,0,0,0,0,0,0,0,0,0,0,0,0,0,0,0,0,0.08016196,0.1870445
Starry ray + others,0,0,0,0,0,0,0,0,0,0,0,0,0,0,0,0,0,0,0,0,0,0,0,0,0,0,0,0,0,0,0,0,0,0,0,0,0,0,0,0,0,0,0,0,0,0,0,0,0,0,0,0,0,0,0,0,0,0,0,0,0,0,0,0,0,0.03066158,0.07154368
Thornback & Spotted ray,0,0,0,0,0,0,0,0,0,0,0,0,0,0,0,0,0,0,0,0,0,0,0,0,0,0,0,0,0,0,0,0,0,0,0,0,0,0,0,0,0,0,0,0,0,0,0,0,0,0,0,0,0,0,0,0,0,0,0,0,0,0,0,0,0,0.02287488,0.05337472
Skate + cuckoo ray,0,0,0,0,0,0,0,0,0,0,0,0,0,0,0,0,0,0,0,0,0,0,0,0,0,0,0,0,0,0,0,0,0,0,0,0,0,0,0,0,0,0,0,0,0,0,0,0,0,0,0,0,0,0,0,0,0,0,0,0,0,0,0,0,0,0.01062947,0.0248021
"Juvenile Cod(0-2, 0-40cm)",0,0.008871101,0.006656816,0.002015441,0,0,0,0,0.0009112,0.004985069,0,0,0,0,0.01861287,0.04064583,0,0,0,0,0,0,0,0.007337699,0,0.000718416,0.008102,0,0,0,2.98E-04,0.01036341,0,0,0,0,0,0,0,0,0.006272728,0,0,0,0,0,0,0,0.01667502,0,0,0,0,0,0,0,0,0,0,0,0,0,0,0,0,0.6969916,1.626314
Cod (adult),0,0,0.01318479,0,0,0,0,0,0,0,0,0,0,0,0,0,0,0,0,0,0,0,0,0,0,0.000718416,0,0,0,0,0,0,0,0,0,0,0,0,0,0,0,0,0,0,0,0,0,0,0,0,0,0,0,0,0,0,0,0,0,0,0,0,0,0,0,0.2976355,0.6944827
"Juvenile Whiting (0-1, 0-20cm)",0.01585224,0.03164825,0.01050061,0.005605649,1.19E-05,0.000936755,0,7.77E-06,0,0.005837534,0.00270204,0.001323,0,0,0.003471204,0.05884377,0,0,0.01608418,0.00234668,0.000914715,0,0,0.01471246,0.01584297,0.007303891,0.02709979,0,0,0,2.98E-04,0.06279007,0,0,0,0.00552706,0,0,0,0,0.01483096,0,0.03116165,0,0,0,0,0,0.01667502,0,0,0,0,0,0,0,0,0,0,0,0,0,0,0,0,0.3516306,0.8204713
Whiting (adult),0,0.01501494,0.01404376,0,4.75E-05,0.00375034,0,3.47E-05,0,0.00079687,0,0,0,0,0,0.03161342,0,0,0,0.01149873,0,0,0,0,0,0.007303891,0,0,0,0,0,0,0,0,0,0,0,0,0,0,0,0,0,0,0,0,0,0,0,0,0,0,0,0,0,0,0,0,0,0,0,0,0,0,0,0.9620274,2.24473
"Juvenile Haddock (0-1, 0-20cm)",0,0.0106693,0.001374313,0.00712857,0,0.000192666,0,0,0,0.002409141,0.00048576,0.000495,0.1036996,0.03983474,0.04426845,0.3138762,0,0,0.005594499,0.009210719,0,0,0,0.001260009,0,0.004110933,0.002110866,0,0,0,0,0.04186005,0,0,0,0,0,0,0,0,0,0,0.02505782,0,0,0,0,0,0.01667502,0,0,0,0,0,0,0,0,0,0,0,0,0,0,0,0,0.3948491,0.9213145
Haddock (adult),0,0.00086909,0.002405048,0,0,0.000192666,0,0,0,0,0,0,0,0,0,0,0,0,0,0.00117334,0,0,0,0,0,0.004110933,0,0,0,0,0,0,0,0,0,0,0,0,0,0,0,0,0,0,0,0,0,0,0,0,0,0,0,0,0,0,0,0,0,0,0,0,0,0,0,1.564611,3.650759
"Juvenile Saithe (0-3, 0-40cm)",0,0.01609386,0.000665683,0,0,0,0,0,0,0,0,0,0,0,0,0.004516203,0,0,0,0,0,0,0,0,0,0.000231489,3.10E-05,0,0,0,0,0.002113323,0,0,0,0,0,0,0,0,0,0,0,0,0,0,0,0,0.01667502,0,0,0,0,0,0,0,0,0,0,0,0,0,0,0,0,0.2525442,0.5892699
Saithe (adult),0,0.002966893,0.006420606,0,0,0,0,0,0,0,0,0,0,0,0,0,0,0,0,0,0,0,0,0.007263581,0,0,0,0,0,0,0,0,0,0,0,0,0,0,0,0,0,0,0,0,0,0,0,0,0,0,0,0,0,0,0,0,0,0,0,0,0,0,0,0,0,0.04670816,0.1089857
Hake,0,0.002817174,0,0,0,0,0,0,0,0,0,7.20E-05,0,0,0,0,0,0,0,0,0.00021559,0,0,0,0,0.000470961,0,0,0,0,0,0,0,0,0,0,0,0,0,0,0,0,0,0,0,0,0,0,0,0,0,0,0,0,0,0,0,0,0,0,0,0,0,0,0,0.002630616,0.006138104
Blue whiting,0,0.000599372,0,0,8.67E-06,0.000677652,0,0.000437324,0,0,0,0.000135,0,0,0,0,0,0,0,0.01994678,0.009516734,0,0,0.01104361,0,0,3.10E-05,0,0,0,0.001490709,0.03109023,0,0,0,0,0,0,0,0,0,0.00570157,0,0,0,0.000706197,0,0,0.01651468,0,0,0,0,0,0,0,0,0,0,0,0,0,0,0,0,0.0558257,0.13026
Norway pout,0.003475553,0.05274476,0,0,0.000180988,0.003122515,0.000320704,0.000124864,0.00482936,0.01958817,0.00019734,0.004203,0,0,0.2364101,0.2139773,0,0,0.5512913,0.1887904,0.003172245,0.0681312,0,0.02968433,0.001810625,0.008237831,0.02014635,0,0,0,0.02770161,0.4143332,0,0,0,0.006368133,0.03520352,0,0,0,0.01243366,0.02525132,0.01038376,0,0,0,0,0,0.01651468,0,0,0,0,0,0,0,0,0,0,0,0,0,0,0,0,0.6727962,1.569858
Other gadoids (large),0,0.00482516,0.014237,0,0,0,0,0,0,0,0,0,0,0,0,0,0.02224183,0.05501709,0,0,0,0,0,0.007041226,0,0,0,0,0,0,0,0,0,0,0,0,0,0,0,0,0,0,0,0,0,0,0,0,0,0,0,0,0,0,0,0,0,0,0,0,0,0,0,0,0,0.02443918,0.05702476
Other gadoids (small),0,0.0209797,0.005669042,0.001490519,6.45E-06,0.004158925,3.10E-05,6.09E-05,0.006834,0.00830227,0.0047058,0.005129999,0.1036996,0.03983474,0.1654808,0.6091934,0.06672549,0.1749544,0.07153617,0.02123746,0.00143213,0,0,0.003891204,0.07604627,0,0.02129491,0,0,0,0.03362279,0.06299328,0,0.0480852,0,0.03148021,0,0,0,0,0.00370153,0.02394449,0.001544092,0,0,0.002195165,0,0,0,0,0,0,0,0,0,0,0,0,0,0,0,0,0,0,0,0.2976514,0.6945198
Monkfish,0,0,0.002125891,0,0,0,0,0,0,0,0,7.20E-05,0,0,0,0,0,0,0,0,0,0,0,0,0,0.000231489,0,0,0,0,0,0,0,0,0,0,0,0,0,0,0,0,0,0,0,0,0,0,0,0,0,0,0,0,0,0,0,0,0,0,0,0,0,0,0,0.006129044,0.0143011
Gurnards,0,0,0,0,0,0,0.000154591,2.39E-06,0,7.41E-05,0,0.000216,0,0,0,6.94E-04,0.00E+00,0,0,0.000176001,8.56E-05,0,0,0,0,0,3.10E-05,0,0,0,0,0.001991644,0,0,0,0,0,0,0,0,0,0.000653415,0,0,0,0,0.05045998,0,0,0,0,0,0,0,0,0,0,0,0,0,0,0,0,0,0,0.02487571,0.05804332
"Herring (juvenile 0, 1)",0.007163354,0.007192785,2.10E-05,0.01315545,1.59E-05,0.000671009,3.58E-05,0,0,0.000593019,0.00558624,0.012537,0.1036996,0.03983474,0.01660067,0.1368675,0,0,0.000466208,0.02745616,0.00081308,0,0,0.09553833,0,0.007423627,0.000403548,0,0,0,0.03362279,0.08819059,0,0,0,0,0,0,0,0,0.001850765,0,0,0,0,0,0.001998415,0,0.01667502,0,0,0,0,0,0,0,0,0,0,0,0,0,0,0,0,0.2295056,0.5355129
Herring (adult),0,0.000779184,0.001352837,0.009655972,0.00015499,0.005912848,0.000322305,3.23E-05,0,0.001482548,0,0,0.1036996,0.03983474,0,0,0,0,0,0.1114673,0,0,0,0.04187677,0,0.007423627,0,0,0,0,0,0,0,0,0,0,0,0,0,0,0,0,0,0,0,0,0,0,0,0,0,0,0,0,0,0,0,0,0,0,0,0,0,0,0,2.502461,5.839075
Sprat,0.006699062,0.02457535,0.000579788,0.02190415,5.72E-05,0.001288868,0,8.18E-05,4.56E-05,3.71E-05,0.00276276,0,0.0259249,0.009958685,0.07143316,0.1635731,0,0,0.150014,0.03326419,0.003172245,0.007392961,0,0,0.0176536,0.000231489,0.004407984,0,0,0,0.177933,0.01146071,0,0,0,0,0,0,0,0,0.01863186,0.03559002,0.005191881,0,0,4.25E-05,0.006494849,0,0.01667502,0,0,0,0,0,0,0,0,0,0,0,0,0,0,0,0,0.3047504,0.7110842
Mackerel,0.06221505,0.01060973,0,0.009655972,3.40E-05,0.00258438,0.000488418,2.81E-05,0,0,0,0,0.0259249,0.009958685,0,0,0,0,0,0.002229346,0.005060192,0,0,0,0,0.004238652,0.000217295,0,0,0,0,0,0,0,0,0,0,0,0,0,0,0,0,0,0,0,0,0,0,0,0,0,0,0,0,0,0,0,0,0,0,0,0,0,0,0.2823339,0.658779
Horse mackerel,0,0.01168869,0.0026842,0.00438083,0,0.000611216,0,0,0,0,0,0,0.1036996,0.03983474,0.008048807,0.2244759,0,0,0,0,0.005528329,0,0,0,0,0,0.000372506,0,0,0,0.01847766,0,0,0,0,0,0,0,0,0,0,0,0,0,0,0.000519012,0,0,0.01667502,0,0,0,0,0,0,0,0,0,0,0,0,0,0,0,0,0.147578,0.3443486
Sandeels,0.4342451,0.06383596,0.06137167,0.1437379,3.57E-05,0.00121911,0,6.57E-05,0.1803721,0.08743329,0.00522192,0.02997,0.5703478,0.2190911,0.2685975,0.3251975,0.04448367,0.1100342,0.02191179,0.01179207,0,0,0,0.1025425,0.004526564,0.01060062,0.1277695,0,0,0,0.06724856,0.07843679,0,0.5529798,1.008,0.0276353,0,0,0,0,0.01977462,0.001939166,0.02077789,0,0,5.11E-06,1.641198,0,0.06621905,0,0,0,0,0,0,0,0,0,0,0,0,0,0,0,0,2.126861,4.962676
Plaice,0,0,0.01254061,0,0,0.001498143,0.000195239,1.19E-05,0,0,0.00132066,0,5.18E-03,0.001991737,0,0,0.004448367,1.10E-02,0,0,0,0,0,0,0,0.000231489,9.62E-06,0,0,0,0,0,0,0,0,0,0,0,0,0,0,0,0,0,0,0,0,0,0.008337509,0,0,0,0,0,0,0,0,0,0,0,0,0,0,0,0,0.1951597,0.4553726
Dab,0,0,0.01007114,0,1.66E-05,0.000215919,0.000195239,3.47E-05,0.00132124,0.004910941,0,0.000225,0,0,0.001509152,0.00289037,0,0,0,0.000352002,0,0,0,0,0.02263282,0.001883845,0.002669624,0,0,0,0,0,0,0,0,0.04481724,0.04848485,0,0,0,0.007514851,0,0,0,0,1.70E-05,0.185353,0,0.008337509,0,0,0,0,0,0,0,0,0,0,0,0,0,0,0,0,1.065286,2.485667
Long-rough dab,0,1.56E-05,0.002168838,0,0,0,0,1.25E-05,0.00054672,0.003446925,0,0.000144,0,0,0.006035962,0.04396951,0,0,0,0.000234668,0,0,0,0.004521208,0,0.002817786,0.004687364,0,0,0,0,0,0,0,0,0,0.03520352,0,0,0,0,0,0,0,0,0,0,0,0.008337509,0,0,0,0,0,0,0,0,0,0,0,0,0,0,0,0,0.1112558,0.2595968
Flounder,0,0,0.002319154,0,0,0,0,0,0,0,0,0,0.0259249,0.009958685,0,0,0,0,0,0,0,0,0,0,0,0,0,0,0,0,0,0,0,0.0480852,0,0,0,0,0,0,0,0,0,0,0,0,0,0,0.008337509,0,0,0,0,0,0,0,0,0,0,0,0,0,0,0,0,0.08290651,0.1934485
Sole,0,0,0.003178093,0,0,0,0,1.19E-05,0,0.000222382,0.00065274,0.002142,0.005184981,0.001991737,0.009054909,0.004762349,0.004448367,0.01100342,0,0,0,0,0,0,0,0,0,0,0,0,0,0,0,0.00480852,0,0,0,0,0,0,0,0,0,0,0,0,0.002498019,0,0.008337509,0,0,0,0,0,0,0,0,0,0,0,0,0,0,0,0,0.02963893,0.0691575
Lemon sole,0,0,0.004938928,0,0,0,0,0,0,0,0,0,0,0,0,0,0.004448367,0.01100342,0,0,0,0,0,0,0,0.000702451,0,0,0,0,0,0,0,0,0,0,0.03520352,0,0,0,0,0,0,0,0,0,0,0,0.008337509,0,0,0,0,0,0,0,0,0,0,0,0,0,0,0,0,0.1343159,0.3134037
Witch,0,0,0.0053684,0,0,0.000215919,0,0,0,1.85E-05,0,7.20E-05,0.00259249,0.000995869,0,0,0.004448367,0.01100342,0,0,0,0,0,0,0,0.000231489,3.10E-05,0,0,0,0,0,0,0,0,0,0,0,0,0,0,0,0,0,0,0,0,0,0.008337509,0,0,0,0,0,0,0,0,0,0,0,0,0,0,0,0,0.02200324,0.05134088
Turbot and brill,0,0,0.003242514,0,0,0,0,0,0,0,0,0,0,0,0,0,0,0,0,0,0,0,0,0,0,0,0,0,0,0,0,0,0,0,0,0,0,0,0,0,0,0,0,0,0,0,0,0,0,0,0,0,0,0,0,0,0,0,0,0,0,0,0,0,0,0.01912977,0.04463612
Megrim,0,0,0.003306934,0,0,0,0,0,0,0,0,0,0,0,0,0,0,0,0,0,0,0,0,0,0,0.000231489,0,0,0,0,0,0,0,0,0,0,0,0,0,0,0,0,0,0,0,0,0,0,0,0,0,0,0,0,0,0,0,0,0,0,0,0,0,0,0,0.01156497,0.02698492
Halibut,0,0,0,0,0,0,0,0,0,3.71E-05,0,0,0,0,0,0,0.00133451,0.001100342,0,0,0,0,0,0,0,0,0,0,0,0,0,0,0,0,0,0,0,0,0,0,0,0,0,0,0,0,0,0,0,0,0,0,0,0,0,0,0,0,0,0,0,0,0,0,0,0.006661731,0.01554404
Dragonets,0,2.76E-05,0.002168838,0,2.48E-06,0.000850387,0.000171874,9.80E-05,0,0.000982188,0,0.003483,0,0,0,0.004160661,0.00E+00,0,0,0,0,0,0,0,0.002258981,0.000231489,0.00291776,0,0,0,0,0,0,0,0,0,0,0,0,0,0.007788119,0.003235457,0,0,0,4.25E-05,0.026479,0,0,0,0,0,0,0,0,0,0,0,0,0,0,0,0,0,0,0.02268051,0.05292118
Catfish (Wolf-fish),0,0,0,0,0,0,0,0,0,0,0,0,0,0,0,0,0,0,0,0,0,0,0,0,0,0,0,0,0,0,0,0,0,0,0,0,0,0,0,0,0,0,0,0,0,0,0,0,0,0,0,0,0,0,0,0,0,0,0,0,0,0,0,0,0,0.001846632,0.004308807
Large demersal fish,0,0,0,0,0,0,0,0,0,3.71E-05,0,0.000135,0,0.00E+00,0,0.009032407,0,0,0,5.81E-05,0,0,0,0,0,0,0,0,0,0,0,0,0,0,0,0,0,0,0,0,0,0,0,0,0,0.000127626,0,0,0,0,0,0,0,0,0,0,0,0,0,0,0,0,0,0,0,0.005658313,0.01320273
Small demersal fish,0,0.00329681,0.02213928,0,2.48E-05,0.000335504,3.42E-05,1.49E-05,0.00041004,0.001667867,0.01000362,0.000963,0,0,0.1378358,0.7664824,0,0,0,5.81E-05,0.000489696,0,0,0.001890013,0.06246658,0.002586296,0.005339249,0,0,0,0.000595094,0.01554499,0,0.0961704,0.3024,0.04445678,0.008080808,0.00626944,0.008960577,0.0020172,0.01235914,0.000653415,0,0,0,0.005598523,0.1823553,0,0.008337509,0,0,0,0,0,0,0,0,0,0,0,0,0,0,0,0,0.3112977,0.7263614
Miscellaneous filterfeeding pelagic fish,0.01671449,0,0,0,9.17E-06,0,0,2.45E-05,0,0,0,0,0,0,0.002515252,0.06096875,0,0,0.04777619,0.006042701,0.000323384,0.007392961,0,0,0,0.000231489,6.21E-05,0,0,0,0.000595094,0,0,0,0,0,0,0,0,0,0,0.002582042,0,0,0,0.00047647,0,0.03026514,0.03302936,0,0,0,0,0,0,0,0,0,0,0,0,0,0,0,0,0.03553888,0.08292405
Squid & cuttlefish,0.01008216,0.009590721,0,0,3.05E-05,0.000730801,0.00065005,0.000154139,0.0002278,0.00029651,0.00071346,0.000711,0.0518498,0.01991737,0.03973675,0.02716122,0,0,0.01491866,0.001408008,3.48E-05,0,0,0.01363774,0.003621251,0.005651535,0.004656321,0,0,0,0.02023408,0,0,0,0,0.003604604,0,0,0,0,0,0,0.00416594,0,0,3.40E-06,0.02748095,0.003168878,0.034736,0,0,0,0.03345963,0,0,0,0,0,0,0,0,0,0,0,0,0.1107646,0.2584507
Fish larvae,0,0,0,0,0,0,0,0,0,0,0,0,0.4147984,0.159339,0,0,0,0,0,0,0,0,0,0,0,0,0,0,0,0,0,0.2249717,0,0,0.1008,0,0,0,0,0,0,0,0,0,0,0,0,0,0.01603367,0,1.735636,0,0.1505011,0,0,0,0,0,0,0,0,0,0,0,0,0.8576062,2.001081
Carnivorous zooplankton,0.03342898,0,0,0.03065285,4.92E-05,0.000176057,0,7.17E-06,0.00373592,3.71E-05,0.0002277,0.000306,0,0,0.6689649,3.023056,0,0,0.848138,0.07286441,0,0.4385765,2.011343,0.002964727,0.4535617,0,0.002980046,0.9692112,5.701778,0,0.8028062,0.8097684,2.052175,0,0,0,0.04128413,0,0,0,0,0,0,0,0.00036414,0.05764436,0.000999208,0.08486778,0.3391121,0,3.605872,0,0.1336369,0,0,0,0,0.25,0,0,0,0,0,0,0,4.318114,10.0756
Herbivorous & Omnivorous zooplankton (copepods),0,0,0,0.05696376,0,0,0,0,0,0,0,0,0,0,0.5045404,0,0,0,0.5368388,0.06072035,0,0.1022693,3.352238,0.005336509,1.3548,0,0,2.393568,12.35385,2.7792,0.4859155,0,19.85179,0,0,0,0,0,0,0,0,0.000295091,0,0.001215,0,0.006508921,0.455139,0.3960686,0.4489428,11.32153,51.1623,0,0.1336369,0,0,0,0,0.5,0,0,0,0,0,0,0,66.4009,154.9354
Gelatinous zooplankton,0.0734273,0,0,0,6.65E-05,0.001185891,0,0,0,0,0,0,0,0.00E+00,0,0,0,0,0,0,0,0,0,0,0,0,0,0,0,0,0,0,0,0,0,0,0.05704571,0,0,0,0,0,0,0,0,6.81E-05,0,0.01892283,0,0,0,0,0,0,0,0,0,0,0,0,0,0,0,0,0,0.05168632,0.1206014
Large crabs,0,0,0,0,6.95E-05,0.000441803,0,0.000675701,0.0437376,0.01139709,0.05499714,0.004904999,0.0259249,0.009958685,0.05029968,0.03178959,0.02224183,0.05501709,0,0,6.34E-06,0,0,0.003075904,0.05115528,0,0.01909092,0,0,0,0,0,0,0.00240426,0.2016,0.05046445,0.03912391,0,0,0,0,0.002919288,0.005088251,0.00216,0.0012138,0,0.0474671,0,0,0,0,0,0,0.0044005,0,0,0,0,0,0,0,0,0,0,0,0.3021323,0.7049753
Nephrops,0,0,0,0,1.83E-05,0.000338826,0,0.000111123,0,0,0,0.000135,0.1036996,0.01991737,0,0.01129051,0.004448367,0.01100342,0,0,0,0,0,0,0.03390735,0.000470961,0.000217295,0,0,0,0,0.06218046,0,0,0.03024,0.01646103,0.0256,0,0,0,0,0,0,0,0,0,0,0,0,0,0,0,0,0.01628185,0,0,0,0,0,0,0,0,0,0,0,0.1375739,0.3210058
Epifaunal macrobenthos (mobile grazers),0,0,0,0,0.000826194,0.000295642,2.34E-05,0.00179231,0.02993292,0.00830227,0.02955546,0.001647,1.088846,0.4282235,0.9722928,1.806282,0.934157,2.310718,0.000466208,0.000117334,3.17E-05,0.07849585,0,0,0.5106475,0.000702451,0.00592895,0,0,0,0.01341936,0,0.02478221,0.2885112,1.3104,0.2494386,0.1792179,0.00626944,0.05415878,0.0608358,0.007415482,0.000295091,0.000186535,0.024975,0.01863302,0.001080566,0.8189324,0.01516107,0,0,0,0,0,1.261623,0,7.573679,0,0,0,0,0,0,0,0,0,12.13934,28.32513
Infaunal macrobenthos,0,0,0,0,0.00014774,0.000262424,0,0.001075386,0.00145792,0.000352105,0.00028842,5.40E-05,0.6221976,0.2489671,0.9783288,2.214309,0.04448367,0.1100342,0.0167835,0,0,0,1.340895,0,0.8130521,0,0.00142784,0,0,0,2.98E-04,0.02601013,0.1827769,0.07693633,2.88288,0.3224919,0.12904,0.05652292,0.1308508,0.0085854,0.006173357,0,0,0.037125,0.00269178,0.00216964,0.4506377,0,0,0,0,0,0,1.359314,0.50875,30.29472,0,0,0,0,0,0,0,0,0,55.11114,128.5926
Shrimp,0,0,0,0,0.000193237,0.000641112,0,0.000219259,0.02396456,0.001908781,0.01675872,0.007569,0.0777747,0.02987606,0.1901492,0.1051127,0.133451,0.3301026,0.01212141,0.000704004,3.17E-06,0.02239632,0,0.0114142,0.004526564,0,0.008443464,0,0,0,0.000595094,0,0,0.0240426,0,0.04806139,0.005280528,0,0,0,0.005452925,0.002192101,6.22E-05,0.021735,0.00087346,0.005249679,0.1004203,0.008207495,0.03222768,0,0,0,0.03345963,0.0044005,0,0,0,0.05,0,0,0,0,0,0,0,0.3261134,0.7609311
Small mobile epifauna (swarming crustaceans),0,0,0,0,0.000170988,0,0,0.000244352,0.1090706,0.01439925,0.01387452,0.006624,0.6299751,0.241996,0.3908245,0.3266655,2.400783,5.930842,0.03286745,0.003344019,0,0,0.3352239,0.002297663,0.3055736,0,0.0397029,0.1841207,0.3801185,0,0.09432233,0,0.5041001,0.0961704,1.512,0.003965064,0.1220922,0,0,0,0,0.000147545,0,0.059535,0,0.000331827,0.6564793,0.006953572,0.2494839,0,3.577178,0,0.05348165,0.08668984,0.30525,4.544207,13.6,0.25,4.885714,0,0,0,0,0,0,14.28438,33.33022
Small infauna (polychaetes),0,0,0,0,0.00029873,4.98E-05,0,0.00044509,0.04628896,0.005707811,0.0017457,0.006732,0.3629486,0.1394216,0.2449595,1.608967,0.3113857,0.7702393,0.002564145,0.000234668,0,0.00014496,0,0.00322414,0.7931333,0,0.000124169,0,0,0,0.562686,0,6.097985,0.8559166,0.7056,0.3352282,0,0.2072344,0.8664087,0.1685592,0,0,0,0.11853,2.38E-05,0.001803779,0.1963443,0.006326611,0.03302936,0,0,0,0,0.4554517,0.407,37.86839,49.86666,0.5,0,22.5,0,0,0,0,0,29.68446,69.26373
Sessile epifauna,0,0,0,0,2.13E-05,0,0,5.14E-05,0,0,0,0,0.1036996,3.98E-02,0,0.009388282,0.3558693,0.8802735,0,0,0,0,0,0,0,0,0,0,0,0,0.007736217,0,0,0.2861069,2.016,0,0.03912391,0,0.2572213,0.006002401,0,0,0,0,0,0.000433928,0,0,0,0,0,0,0,0.2160645,0.2035,0,0,0,0,0,0,0,0,0,0,14.99029,34.97735
Meiofauna,0,0,0,0,1.24E-06,0,0,5.97E-05,0.00191352,0,0,0,0.518498,0.1991737,0,0,0.08896733,0.2200684,0,0,0,0,0,0,0,0,0,0,0,0,0,0,1.55458,0.0240426,0.01008,0,0,0.2135038,0,0,0,0,0,0.004725,0,6.81E-05,0.1458843,0,0,0,0,0,0,0,0,0,27.2,0.5,35.82857,67.5,0,29.49167,0,0,0,35.88546,83.73273
"Benthic microflora (incl. Bacteria, protozoa))",0,0,0,0,0,0,0,0,0,0,0,0,0.005184981,0.001991737,0,0,0,0,0,0,0,0,0,0,0,0,0,0,0,0,0,0,0,0,0,0,0,0,0,0,0,0,0,0,0,0,0,0,0,0,0,0,0,0.2160645,0.2035,15.14736,136,0.75,32.57143,45,0,442.375,159.096,33.3464,0,363.1235,363.1235
"Planktonic microflora (incl. Bacteria, protozoa)",0,0,0,0,0,0,0,0,0,0,0,0,0,0,0,0,0,0,0,0,0,0,0,0,0,0,0,0,0,0.3474,0.6257687,0.08819059,1.548075,0,0,0,0,0,0,0,0,0,0,0,0,0,0,0,0,0,10.75278,24,0.06685206,0.2160645,0.10175,18.17683,45.33333,0.6,24.42857,22.5,95.55,0,198.87,166.732,0,361.9592,361.9592
Phytoplankton,0,0,0,0,0,0,0,0,0,0,0,0,0,0,0,0,0,0,0,0,0,0,0,0,0,0,0,0,0,0.3474,0,0,0.7057402,0,0,0,0,0,0,0,0,0,0,0,0,0,0,0,0.130736,2.830384,0,432,0.06685206,0,0.2035,7.573679,0,0,0,0,13.65,0,0,0,0,761.6212,930.8704
Detritus - DOM -water column,0,0,0,0,0,0,0,0,0,0,0,0,0,0,0,0,0,0,0,0,0,0,0,0,0,0,0,0,0,0,0,0,0,0,0,0,0,0,0,0,0,0,0,0,0,0,0,0,0,0,0,24,0,0,0.06105,7.573679,45.33333,0.5,16.28571,89.99999,0,0,397.74,1083.758,0,0,0
Detritus - POM - sediment,0,0,0,0,0,0,0,0,0,0,0,0,0,0,0,0,0,0,0,0,0,0,0,0,0,0,0,0,0,0,0,0,0,0,0,0,0,0,0,0,0,0,0,0,0,0,0,0,0,0,0,0,0,0,0.0407,22.72104,136,0.8500001,48.85714,202.5,27.3,117.9667,1232.994,383.4836,0,0,0