Prey \ predator,Transient Killers,Sperm and Beaked Whales,Resident Killers,Porpoises,Belugas,Gray Whales,Humpbacks,Fin Whales,Sei Whales,Right Whales,Minke Whales,Bowhead Whales,Sea Otters,Walrus Bd Seals,N Fur Seal Juv,N Fur Seal Ad,Steller Sea Lions Juv,Steller Sea Lions Ad,Resident Seals,Wintering Seals,Shearwater,Murres,Kittiwakes,Auklets,Puffins,Fulmars,Storm Petrels,Cormorants,Gulls,Albatross Jaeger,Sleeper shark,W Pollock Juv,W Pollock Ad,P Cod Juv,P Cod Ad,Herring Juv,Herring Ad,Arrowtooth Juv,Arrowtooth Ad,Kamchatka fl Juv,Kamchatka fl Ad,Gr Turbot Juv,Gr Turbot Ad,P Halibut Juv,P Halibut Ad,YF Sole Juv,YF Sole Ad,FH Sole Juv,FH Sole Ad,N Rock sole Juv,N Rock sole Ad,AK Plaice,Dover Sole,Rex Sole,Misc Flatfish,Alaska skate,Other skates,Sablefish Juv,Sablefish Ad,Eelpouts,Grenadiers,Misc fish deep,POP,Sharpchin Rock,Northern Rock,Dusky Rock,Shortraker Rock,Rougheye Rock,Shortspine Thorns,Other Sebastes,Atka mackerel Juv,Atka mackerel Ad,Greenlings,Lg Sculpins,Other sculpins,Misc fish shallow,Octopi,Squids,Salmon returning,Salmon outgoing,Bathylagidae,Myctophidae,Capelin,Sandlance,Eulachon,Oth managed forage,Oth pelagic smelt,Bairdi,King Crab,Opilio,Pandalidae,NP shrimp,Sea stars,Brittle stars,Urchins dollars cucumbers,Snails,Hermit crabs,Misc crabs,Misc Crustacean,Benthic Amphipods,Anemones,Corals,Hydroids,Urochordata,Sea Pens,Sponges,Bivalves,Polychaetes,Misc worms,Scyphozoid Jellies,Fish Larvae,Chaetognaths,Euphausiids,Mysids,Pelagic Amphipods,Gelatinous filter feeders,Pteropods,Copepods,Pelagic microbes,Benthic microbes,Macroalgae,Lg Phytoplankton,Sm Phytoplankton,Outside Production,Discards,Offal,Pelagic Detritus,Benthic Detritus,Outside Detritus
Transient Killers,0,0,0,0,0,0,0,0,0,0,0,0,0,0,0,0,0,0,0,0,0,0,0,0,0,0,0,0,0,0,0,0,0,0,0,0,0,0,0,0,0,0,0,0,0,0,0,0,0,0,0,0,0,0,0,0,0,0,0,0,0,0,0,0,0,0,0,0,0,0,0,0,0,0,0,0,0,0,0,0,0,0,0,0,0,0,0,0,0,0,0,0,0,0,0,0,0,0,0,0,0,0,0,0,0,0,0,0,0,0,0,0,0,0,0,0,0,0,0,0,0,0,0,0,0,0,0.000121921,0.000182881,0
Sperm and Beaked Whales,0,0,0,0,0,0,0,0,0,0,0,0,0,0,0,0,0,0,0,0,0,0,0,0,0,0,0,0,0,0,0,0,0,0,0,0,0,0,0,0,0,0,0,0,0,0,0,0,0,0,0,0,0,0,0,0,0,0,0,0,0,0,0,0,0,0,0,0,0,0,0,0,0,0,0,0,0,0,0,0,0,0,0,0,0,0,0,0,0,0,0,0,0,0,0,0,0,0,0,0,0,0,0,0,0,0,0,0,0,0,0,0,0,0,0,0,0,0,0,0,0,0,0,0,0,0,0.00967716,0.01451574,0
Resident Killers,0,0,0,0,0,0,0,0,0,0,0,0,0,0,0,0,0,0,0,0,0,0,0,0,0,0,0,0,0,0,0,0,0,0,0,0,0,0,0,0,0,0,0,0,0,0,0,0,0,0,0,0,0,0,0,0,0,0,0,0,0,0,0,0,0,0,0,0,0,0,0,0,0,0,0,0,0,0,0,0,0,0,0,0,0,0,0,0,0,0,0,0,0,0,0,0,0,0,0,0,0,0,0,0,0,0,0,0,0,0,0,0,0,0,0,0,0,0,0,0,0,0,0,0,0,0,0.001216505,0.001824757,0
Porpoises,8.99E-06,0,0,0,0,0,0,0,0,0,0,0,0,0,0,0,0,0,0,0,0,0,0,0,0,0,0,0,0,0,0,0,0,0,0,0,0,0,0,0,0,0,0,0,0,0,0,0,0,0,0,0,0,0,0,0,0,0,0,0,0,0,0,0,0,0,0,0,0,0,0,0,0,0,0,0,0,0,0,0,0,0,0,0,0,0,0,0,0,0,0,0,0,0,0,0,0,0,0,0,0,0,0,0,0,0,0,0,0,0,0,0,0,0,0,0,0,0,0,0,0,0,0,0,0,0,0.00875353,0.0131303,0
Belugas,3.04E-05,0,0,0,0,0,0,0,0,0,0,0,0,0,0,0,0,0,0,0,0,0,0,0,0,0,0,0,0,0,0,0,0,0,0,0,0,0,0,0,0,0,0,0,0,0,0,0,0,0,0,0,0,0,0,0,0,0,0,0,0,0,0,0,0,0,0,0,0,0,0,0,0,0,0,0,0,0,0,0,0,0,0,0,0,0,0,0,0,0,0,0,0,0,0,0,0,0,0,0,0,0,0,0,0,0,0,0,0,0,0,0,0,0,0,0,0,0,0,0,0,0,0,0,0,0,0.02993379,0.04490069,0
Gray Whales,8.11E-05,0,0,0,0,0,0,0,0,0,0,0,0,0,0,0,0,0,0,0,0,0,0,0,0,0,0,0,0,0,0,0,0,0,0,0,0,0,0,0,0,0,0,0,0,0,0,0,0,0,0,0,0,0,0,0,0,0,0,0,0,0,0,0,0,0,0,0,0,0,0,0,0,0,0,0,0,0,0,0,0,0,0,0,0,0,0,0,0,0,0,0,0,0,0,0,0,0,0,0,0,0,0,0,0,0,0,0,0,0,0,0,0,0,0,0,0,0,0,0,0,0,0,0,0,0,0.02398363,0.03597545,0
Humpbacks,3.00E-05,0,0,0,0,0,0,0,0,0,0,0,0,0,0,0,0,0,0,0,0,0,0,0,0,0,0,0,0,0,0,0,0,0,0,0,0,0,0,0,0,0,0,0,0,0,0,0,0,0,0,0,0,0,0,0,0,0,0,0,0,0,0,0,0,0,0,0,0,0,0,0,0,0,0,0,0,0,0,0,0,0,0,0,0,0,0,0,0,0,0,0,0,0,0,0,0,0,0,0,0,0,0,0,0,0,0,0,0,0,0,0,0,0,0,0,0,0,0,0,0,0,0,0,0,0,0.007496666,0.011245,0
Fin Whales,0.00112919,0,0,0,0,0,0,0,0,0,0,0,0,0,0,0,0,0,0,0,0,0,0,0,0,0,0,0,0,0,0,0,0,0,0,0,0,0,0,0,0,0,0,0,0,0,0,0,0,0,0,0,0,0,0,0,0,0,0,0,0,0,0,0,0,0,0,0,0,0,0,0,0,0,0,0,0,0,0,0,0,0,0,0,0,0,0,0,0,0,0,0,0,0,0,0,0,0,0,0,0,0,0,0,0,0,0,0,0,0,0,0,0,0,0,0,0,0,0,0,0,0,0,0,0,0,0.2414786,0.3622179,0
Sei Whales,1.57E-05,0,0,0,0,0,0,0,0,0,0,0,0,0,0,0,0,0,0,0,0,0,0,0,0,0,0,0,0,0,0,0,0,0,0,0,0,0,0,0,0,0,0,0,0,0,0,0,0,0,0,0,0,0,0,0,0,0,0,0,0,0,0,0,0,0,0,0,0,0,0,0,0,0,0,0,0,0,0,0,0,0,0,0,0,0,0,0,0,0,0,0,0,0,0,0,0,0,0,0,0,0,0,0,0,0,0,0,0,0,0,0,0,0,0,0,0,0,0,0,0,0,0,0,0,0,0.004548135,0.006822202,0
Right Whales,8.83E-06,0,0,0,0,0,0,0,0,0,0,0,0,0,0,0,0,0,0,0,0,0,0,0,0,0,0,0,0,0,0,0,0,0,0,0,0,0,0,0,0,0,0,0,0,0,0,0,0,0,0,0,0,0,0,0,0,0,0,0,0,0,0,0,0,0,0,0,0,0,0,0,0,0,0,0,0,0,0,0,0,0,0,0,0,0,0,0,0,0,0,0,0,0,0,0,0,0,0,0,0,0,0,0,0,0,0,0,0,0,0,0,0,0,0,0,0,0,0,0,0,0,0,0,0,0,0.00231818,0.00347727,0
Minke Whales,6.12E-05,0,0,0,0,0,0,0,0,0,0,0,0,0,0,0,0,0,0,0,0,0,0,0,0,0,0,0,0,0,0,0,0,0,0,0,0,0,0,0,0,0,0,0,0,0,0,0,0,0,0,0,0,0,0,0,0,0,0,0,0,0,0,0,0,0,0,0,0,0,0,0,0,0,0,0,0,0,0,0,0,0,0,0,0,0,0,0,0,0,0,0,0,0,0,0,0,0,0,0,0,0,0,0,0,0,0,0,0,0,0,0,0,0,0,0,0,0,0,0,0,0,0,0,0,0,0.01543147,0.0231472,0
Bowhead Whales,1.78E-05,0,0,0,0,0,0,0,0,0,0,0,0,0,0,0,0,0,0,0,0,0,0,0,0,0,0,0,0,0,0,0,0,0,0,0,0,0,0,0,0,0,0,0,0,0,0,0,0,0,0,0,0,0,0,0,0,0,0,0,0,0,0,0,0,0,0,0,0,0,0,0,0,0,0,0,0,0,0,0,0,0,0,0,0,0,0,0,0,0,0,0,0,0,0,0,0,0,0,0,0,0,0,0,0,0,0,0,0,0,0,0,0,0,0,0,0,0,0,0,0,0,0,0,0,0,0.005002995,0.007504493,0
Sea Otters,1.86E-06,0,0,0,0,0,0,0,0,0,0,0,0,0,0,0,0,0,0,0,0,0,0,0,0,0,0,0,0,0,0,0,0,0,0,0,0,0,0,0,0,0,0,0,0,0,0,0,0,0,0,0,0,0,0,0,0,0,0,0,0,0,0,0,0,0,0,0,0,0,0,0,0,0,0,0,0,0,0,0,0,0,0,0,0,0,0,0,0,0,0,0,0,0,0,0,0,0,0,0,0,0,0,0,0,0,0,0,0,0,0,0,0,0,0,0,0,0,0,0,0,0,0,0,0,0,0.004416226,0.00662434,0
Walrus Bd Seals,0,0,0,0,0,0,0,0,0,0,0,0,0,0,0,0,0,0,0,0,0,0,0,0,0,0,0,0,0,0,0,0,0,0,0,0,0,0,0,0,0,0,0,0,0,0,0,0,0,0,0,0,0,0,0,0,0,0,0,0,0,0,0,0,0,0,0,0,0,0,0,0,0,0,0,0,0,0,0,0,0,0,0,0,0,0,0,0,0,0,0,0,0,0,0,0,0,0,0,0,0,0,0,0,0,0,0,0,0,0,0,0,0,0,0,0,0,0,0,0,0,0,0,0,0,0,0.1428147,0.2142221,0
N Fur Seal Juv,4.73E-06,0,0,0,0,0,0,0,0,0,0,0,0,0,0,0,0,0,0,0,0,0,0,0,0,0,0,0,0,0,0,0,0,0,0,0,0,0,0,0,0,0,0,0,0,0,0,0,0,0,0,0,0,0,0,0,0,0,0,0,0,0,0,0,0,0,0,0,0,0,0,0,0,0,0,0,0,0,0,0,0,0,0,0,0,0,0,0,0,0,0,0,0,0,0,0,0,0,0,0,0,0,0,0,0,0,0,0,0,0,0,0,0,0,0,0,0,0,0,0,0,0,0,0,0,0,0.005860397,0.008790595,0
N Fur Seal Ad,8.11E-05,0,0,0,0,0,0,0,0,0,0,0,0,0,0,0,0,0,0,0,0,0,0,0,0,0,0,0,0,0,0,0,0,0,0,0,0,0,0,0,0,0,0,0,0,0,0,0,0,0,0,0,0,0,0,0,0,0,0,0,0,0,0,0,0,0,0,0,0,0,0,0,0,0,0,0,0,0,0,0,0,0,0,0,0,0,0,0,0,0,0,0,0,0,0,0,0,0,0,0,0,0,0,0,0,0,0,0,0,0,0,0,0,0,0,0,0,0,0,0,0,0,0,0,0,0,0.1043044,0.1564565,0
Steller Sea Lions Juv,3.78E-07,0,0,0,0,0,0,0,0,0,0,0,0,0,0,0,0,0,0,0,0,0,0,0,0,0,0,0,0,0,0,0,0,0,0,0,0,0,0,0,0,0,0,0,0,0,0,0,0,0,0,0,0,0,0,0,0,0,0,0,0,0,0,0,0,0,0,0,0,0,0,0,0,0,0,0,0,0,0,0,0,0,0,0,0,0,0,0,0,0,0,0,0,0,0,0,0,0,0,0,0,0,0,0,0,0,0,0,0,0,0,0,0,0,0,0,0,0,0,0,0,0,0,0,0,0,0.000138511,0.000207766,0
Steller Sea Lions Ad,3.40E-07,0,0,0,0,0,0,0,0,0,0,0,0,0,0,0,0,0,0,0,0,0,0,0,0,0,0,0,0,0,0,0,0,0,0,0,0,0,0,0,0,0,0,0,0,0,0,0,0,0,0,0,0,0,0,0,0,0,0,0,0,0,0,0,0,0,0,0,0,0,0,0,0,0,0,0,0,0,0,0,0,0,0,0,0,0,0,0,0,0,0,0,0,0,0,0,0,0,0,0,0,0,0,0,0,0,0,0,0,0,0,0,0,0,0,0,0,0,0,0,0,0,0,0,0,0,0.001481007,0.002221511,0
Resident Seals,3.49E-05,0,0,0,0,0,0,0,0,0,0,0,0,0,0,0,0,0,0,0,0,0,0,0,0,0,0,0,0,0,0,0,0,0,0,0,0,0,0,0,0,0,0,0,0,0,0,0,0,0,0,0,0,0,0,0,0,0,0,0,0,0,0,0,0,0,0,0,0,0,0,0,0,0,0,0,0,0,0,0,0,0,0,0,0,0,0,0,0,0,0,0,0,0,0,0,0,0,0,0,0,0,0,0,0,0,0,0,0,0,0,0,0,0,0,0,0,0,0,0,0,0,0,0,0,0,0.01918804,0.02878207,0
Wintering Seals,0,0,0,0,0,0,0,0,0,0,0,0,0,0.001787347,0,0,0,0,0,0,0,0,0,0,0,0,0,0,0,0,0,0,0,0,0,0,0,0,0,0,0,0,0,0,0,0,0,0,0,0,0,0,0,0,0,0,0,0,0,0,0,0,0,0,0,0,0,0,0,0,0,0,0,0,0,0,0,0,0,0,0,0,0,0,0,0,0,0,0,0,0,0,0,0,0,0,0,0,0,0,0,0,0,0,0,0,0,0,0,0,0,0,0,0,0,0,0,0,0,0,0,0,0,0,0,0,0.0466256,0.0699384,0
Shearwater,0,0,0,0,0,0,0,0,0,0,0,0,0,0,0,0,0,0,0,0,0,0,0,0,0,1.85E-06,0,0,0,0,0,0,0,0,0,0,0,0,0,0,0,0,0,0,0,0,0,0,0,0,0,0,0,0,0,0,0,0,0,0,0,0,0,0,0,0,0,0,0,0,0,0,0,0,0,0,0,0,0,0,0,0,0,0,0,0,0,0,0,0,0,0,0,0,0,0,0,0,0,0,0,0,0,0,0,0,0,0,0,0,0,0,0,0,0,0,0,0,0,0,0,0,0,0,0,0,0.002350639,0.003525958,0
Murres,0,0,0,0,0,0,0,0,0,0,0,0,0,0,0,0,0,0,0,0,0,0,0,0,0,3.76E-05,0,0,0,0,0,0,0,0,0,0,0,0,0,0,0,0,0,0,0,0,0,0,0,0,0,0,0,0,0,0,0,0,0,0,0,0,0,0,0,0,0,0,0,0,0,0,0,0,0,0,0,0,0,0,0,0,0,0,0,0,0,0,0,0,0,0,0,0,0,0,0,0,0,0,0,0,0,0,0,0,0,0,0,0,0,0,0,0,0,0,0,0,0,0,0,0,0,0,0,0,0.04742802,0.07114203,0
Kittiwakes,0,0,0,0,0,0,0,0,0,0,0,0,0,0,0,0,0,0,0,0,0,0,0,0,0,3.06E-06,0,0,0,0,0,0,0,0,0,0,0,0,0,0,0,0,0,0,0,0,0,0,0,0,0,0,0,0,0,0,0,0,0,0,0,0,0,0,0,0,0,0,0,0,0,0,0,0,0,0,0,0,0,0,0,0,0,0,0,0,0,0,0,0,0,0,0,0,0,0,0,0,0,0,0,0,0,0,0,0,0,0,0,0,0,0,0,0,0,0,0,0,0,0,0,0,0,0,0,0,0.00584993,0.008774896,0
Auklets,0,0,0,0,0,0,0,0,0,0,0,0,0,0,0,0,0,0,0,0,0,0,0,0,0,8.10E-06,0,0,0,0,0,0,0,0,0,0,0,0,0,0,0,0,0,0,0,0,0,0,0,0,0,0,0,0,0,0,0,0,0,0,0,0,0,0,0,0,0,0,0,0,0,0,0,0,0,0,0,0,0,0,0,0,0,0,0,0,0,0,0,0,0,0,0,0,0,0,0,0,0,0,0,0,0,0,0,0,0,0,0,0,0,0,0,0,0,0,0,0,0,0,0,0,0,0,0,0,0.01555254,0.02332881,0
Puffins,0,0,0,0,0,0,0,0,0,0,0,0,0,0,0,0,0,0,0,0,0,0,0,0,0,2.19E-06,0,0,0,0,0,0,0,0,0,0,0,0,0,0,0,0,0,0,0,0,0,0,0,0,0,0,0,0,0,0,0,0,0,0,0,0,0,0,0,0,0,0,0,0,0,0,0,0,0,0,0,0,0,0,0,0,0,0,0,0,0,0,0,0,0,0,0,0,0,0,0,0,0,0,0,0,0,0,0,0,0,0,0,0,0,0,0,0,0,0,0,0,0,0,0,0,0,0,0,0,0.002779897,0.004169845,0
Fulmars,0,0,0,0,0,0,0,0,0,0,0,0,0,0,0,0,0,0,0,0,0,0,0,0,0,2.40E-06,0,0,0,0,0,0,0,0,0,0,0,0,0,0,0,0,0,0,0,0,0,0,0,0,0,0,0,0,0,0,0,0,0,0,0,0,0,0,0,0,0,0,0,0,0,0,0,0,0,0,0,0,0,0,0,0,0,0,0,0,0,0,0,0,0,0,0,0,0,0,0,0,0,0,0,0,0,0,0,0,0,0,0,0,0,0,0,0,0,0,0,0,0,0,0,0,0,0,0,0,0.003047422,0.004571133,0
Storm Petrels,0,0,0,0,0,0,0,0,0,0,0,0,0,0,0,0,0,0,0,0,0,0,0,0,0,8.09E-09,0,0,0,0,0,0,0,0,0,0,0,0,0,0,0,0,0,0,0,0,0,0,0,0,0,0,0,0,0,0,0,0,0,0,0,0,0,0,0,0,0,0,0,0,0,0,0,0,0,0,0,0,0,0,0,0,0,0,0,0,0,0,0,0,0,0,0,0,0,0,0,0,0,0,0,0,0,0,0,0,0,0,0,0,0,0,0,0,0,0,0,0,0,0,0,0,0,0,0,0,2.02E-05,3.04E-05,0
Cormorants,0,0,0,0,0,0,0,0,0,0,0,0,0,0,0,0,0,0,0,0,0,0,0,0,0,6.91E-07,0,0,0,0,0,0,0,0,0,0,0,0,0,0,0,0,0,0,0,0,0,0,0,0,0,0,0,0,0,0,0,0,0,0,0,0,0,0,0,0,0,0,0,0,0,0,0,0,0,0,0,0,0,0,0,0,0,0,0,0,0,0,0,0,0,0,0,0,0,0,0,0,0,0,0,0,0,0,0,0,0,0,0,0,0,0,0,0,0,0,0,0,0,0,0,0,0,0,0,0,0.000883828,0.001325742,0
Gulls,0,0,0,0,0,0,0,0,0,0,0,0,0,0,0,0,0,0,0,0,0,0,0,0,0,4.86E-07,0,0,0,0,0,0,0,0,0,0,0,0,0,0,0,0,0,0,0,0,0,0,0,0,0,0,0,0,0,0,0,0,0,0,0,0,0,0,0,0,0,0,0,0,0,0,0,0,0,0,0,0,0,0,0,0,0,0,0,0,0,0,0,0,0,0,0,0,0,0,0,0,0,0,0,0,0,0,0,0,0,0,0,0,0,0,0,0,0,0,0,0,0,0,0,0,0,0,0,0,0.000619274,0.000928911,0
Albatross Jaeger,0,0,0,0,0,0,0,0,0,0,0,0,0,0,0,0,0,0,0,0,0,0,0,0,0,4.63E-07,0,0,0,0,0,0,0,0,0,0,0,0,0,0,0,0,0,0,0,0,0,0,0,0,0,0,0,0,0,0,0,0,0,0,0,0,0,0,0,0,0,0,0,0,0,0,0,0,0,0,0,0,0,0,0,0,0,0,0,0,0,0,0,0,0,0,0,0,0,0,0,0,0,0,0,0,0,0,0,0,0,0,0,0,0,0,0,0,0,0,0,0,0,0,0,0,0,0,0,0,0.000602362,0.000903543,0
Sleeper shark,0,0.000145857,0,0,0,0,0,0,0,0,0,0,0,0,0,0,0,0,0,0,0,0,0,0,0,0,0,0,0,0,0,0,0,0,0,0,0,0,0,0,0,0,0,0,0,0,0,0,0,0,0,0,0,0,0,0,0,0,0,0,0,0,0,0,0,0,0,0,0,0,0,0,0,0,0,0,0,0,0,0,0,0,0,0,0,0,0,0,0,0,0,0,0,0,0,0,0,0,0,0,0,0,0,0,0,0,0,0,0,0,0,0,0,0,0,0,0,0,0,0,0,0,0,0,0,0,0.01456662,0.02184993,0
W Pollock Juv,0,0,0.000810212,0.01236727,0.08358493,0,0.01284259,0.2096804,0.005536498,0,0.04038251,0,0.000980579,0,0.02202627,0.393328,6.04E-05,0,0.004080777,0.03050694,0,0.1584805,0.01627336,0.000492171,0.00386527,0.01111723,4.10E-06,0.000266175,1.47E-05,0.001297469,0,0.3692352,3.140862,0.0109709,0.1821246,0,0,0.008372051,0.6367984,0.000961836,0.01624845,0.000706303,0.4481187,0,0.004635631,0,0.01061577,0.000303405,0.4284663,0,0.003919746,0,0,0,0.01408737,0.002195206,0,0,0,6.54E-05,0,0,0,0,0,0,0,0,0,0,0,0,0.0001126,0.1029833,0,0,0,0,0,0,0,0,0,0,0,0,0,0,0,0,0,0,0,0,0,0,0,0,0,0,0,0,0,0,0,0,0,0,0,0.001013791,0,0,0,0,0,0,0,0,0,0,0,0,0,0,0,0.1538019,3.014517,4.521776,0
W Pollock Ad,0,0,0.006739749,0,0,0,0,0,0,0,0,0,0.008156952,0,0,0,0.000502279,0.006089391,0.03394592,0.253772,0,0,0,0,0,0,0,0,0,0,0.03194838,0,6.067482,0,1.647431,0,0,0,0.2643678,0,0.005960051,0,0.1738752,0,0.1270401,0,0,0,0,0,0,0,0,0,0,0.55076,0.08342072,0,0.02484302,0.01869879,0,0,0,0,0,0,0,0,0,0,0,0,0,0.0373047,0,0,0,0,0,0,0,0,0,0,0,0,0,0,0,0,0,0,0,0,0,0,0,0,0,0,0,0,0,0,0,0,0,0,0,0,0,0,0,0,0,0,0,0,0,0,0,0,0,0,0,0.3517693,6.894679,10.34202,0
P Cod Juv,0,0,3.53E-05,0.000539247,0.003644531,0,0,0,0,0,0,0,4.28E-05,0,0.000513946,0.009177651,0.000119715,0.001295615,0.01063684,0.002868607,0,0.1170894,0.000709563,2.15E-05,0.000168536,0.000484742,1.79E-07,1.16E-05,6.39E-07,5.66E-05,0,0,0.02172183,0,0.002573418,0,0,0,3.39E-06,0,0,0,0,0,2.78E-06,0,2.12E-05,4.57E-07,0.00027456,0,0,0,0,0,0.000140113,0,0.000719444,0,0,0,0,0,0,0,0,0,0,0,0,0,0,0,0,4.58E-06,0.09157752,0,0,0,0,0,0,0,0,0,0,0,0,0,0,0,0,0,0,0,0,0,0,0,0,0,0,0,0,0,0,0,0,0,0,0,0,0,0,0,0,0,0,0,0,0,0,0,0,0,0,0.007905252,0.154943,0.2324144,0
P Cod Ad,0,0.006752118,0.000898685,0,0,0,0,0,0,0,0,0,0,0,0,0,0,0,0,0,0,0,0,0,0,0,0,0,0,0,0,0,0.04795486,0,0.03410119,0,0,0,1.64E-06,0,0,0,0.002060016,0,0.0115515,0,0,0,0,0,0,0,0,0,0,0.008692681,0,0,0,0,0,0,0,0,0,0,0,0,0,0,0,0,0,0.000982157,0,0,0,0,0,0,0,0,0,0,0,0,0,0,0,0,0,0,0,0,0,0,0,0,0,0,0,0,0,0,0,0,0,0,0,0,0,0,0,0,0,0,0,0,0,0,0,0,0,0,0,0.03789528,0.7427474,1.114121,0
Herring Juv,0,0,4.36E-06,6.66E-05,0.000449985,0,6.91E-05,0.001128826,2.98E-05,0,0.000217402,0,5.28E-06,0,0.004405253,0.07866558,5.13E-05,0.000555264,0.006648026,0.02581746,0,2.67E-05,0.000184479,0,0,0,0,0.001388907,0,6.99E-06,0,0,0.000116173,0,0.01131782,0,0,0,0,0,0,0,0,0,0,0,0,0,0,0,0.00745075,0,0,0,0,0,0,0,0,0,0,0,0,0,0,0,0,0,0,0,0,0,0,0.005069906,0,0,0,0,0,0,0,0,0,0,0,0,0,0,0,0,0,0,0,0,0,0,0,0,0,0,0,0,0,0,0,0,0,0,0,0.001013791,0,0,0,0,0,0,0,0,0,0,0,0,0,0,0,0.006039754,0.1183792,0.1775688,0
Herring Ad,0,0,0.000222963,0,0,0,0,0,0,0,0,0,0.000269847,0,0,0,0,0,0,0,0,0,0,0,0,0,0,0,0,0,0,0,0.06371476,0,0.00229518,0,0,0,0.0182292,0,0,0,0.02018828,0,0.000640456,0,0,0,0,0,0,0,0,0,0,0.002603061,0,0,1.98E-05,0.003517956,0,0,0,0,0,0,0,0,0,0,0,0,0,0.00217852,0,0,0,0,0,0,0,0,0,0,0,0,0,0,0,0,0,0,0,0,0,0,0,0,0,0,0,0,0,0,0,0,0,0,0,0,0,0,0,0,0,0,0,0,0,0,0,0,0,0,0,0.04665074,0.9143546,1.371532,0
Arrowtooth Juv,0,0,3.44E-05,0,0,0,0,0,0,0,0,0,0,0,0,0,0,0,0,0,0,0,0,0,0,0,0,0,0,0,0,0,0,0,0.00028273,0,0,0,0.004643642,0,3.47E-07,0,0,0,0,0,1.38E-06,0,0,0,0,0,0,0,0,0,0,0,9.32E-06,0,0,0,0,0,0,0,0,0,0,0,0,0,0,0,0,0,0,0,0,0,0,0,0,0,0,0,0,0,0,0,0,0,0,0,0,0,0,0,0,0,0,0,0,0,0,0,0,0,0,0,0,0,0,0,0,0,0,0,0,0,0,0,0,0,0,0.000154928,0.003036589,0.004554883,0
Arrowtooth Ad,0,0,0.000344291,0,0,0,0,0,0,0,0,0,0,0,0,0,0,0,0,0,0,0,0,0,0,0,0,0,0,0,0.01919693,0,0.05976104,0,0.004303419,0,0,0,3.37E-06,0,0,0,0,0,0.000218295,0,0,0,0,0,0,0,0,0,0,0.03578386,0,0,0,0,0,0,0,0,0,0,0,0,0,0,0,0,0,9.07E-05,0,0,0,0,0,0,0,0,0,0,0,0,0,0,0,0,0,0,0,0,0,0,0,0,0,0,0,0,0,0,0,0,0,0,0,0,0,0,0,0,0,0,0,0,0,0,0,0,0,0,0,0.006440493,0.1262337,0.1893505,0
Kamchatka fl Juv,0,0,2.04E-06,0,0,0,0,0,0,0,0,0,0,0,0,0,0,0,0,0,0,0,0,0,0,0,0,0,0,0,0,0,0,0,0,0,0,0,8.29E-06,0,0,0,0,0,0,0,0,0,0,0,0,0,0,0,0,0,0,0,0,0,0,0,0,0,0,0,0,0,0,0,0,0,0,0,0,0,0,0,0,0,0,0,0,0,0,0,0,0,0,0,0,0,0,0,0,0,0,0,0,0,0,0,0,0,0,0,0,0,0,0,0,0,0,0,0,0,0,0,0,0,0,0,0,0,0,1.49E-05,0.000291964,0.000437945,0
Kamchatka fl Ad,0,0,2.04E-05,0,0,0,0,0,0,0,0,0,0,0,0,0,0,0,0,0,0,0,0,0,0,0,0,0,0,0,0.001139857,0,1.20E-05,0,0.000411088,0,0,0,0,0,0,0,0,0,0,0,0,0,0,0,0,0,0,0,0,0,0,0,0,0,0,0,0,0,0,0,0,0,0,0,0,0,0,0.000297033,0,0,0,0,0,0,0,0,0,0,0,0,0,0,0,0,0,0,0,0,0,0,0,0,0,0,0,0,0,0,0,0,0,0,0,0,0,0,0,0,0,0,0,0,0,0,0,0,0,0,0,0.000141656,0.002776462,0.004164693,0
Gr Turbot Juv,0,0,1.27E-05,0,0,0,0,0,0,0,0,0,0,0,0,0,0,0,0,0,0,0,0,0,0,0,0,0,0,0,0,0.003891984,0.007612932,0,0.00038885,0,0,0,0,0,0,0,0,0,0,0,4.68E-05,0,1.12E-05,0,0,0,0,0,0,0,0,0,0,0,0,0,0,0,0,0,0,0,0,0,0,0,0,0,0,0,0,0,0,0,0,0,0,0,0,0,0,0,0,0,0,0,0,0,0,0,0,0,0,0,0,0,0,0,0,0,0,0,0,0,0,0,0,0,0,0,0,0,0,0,0,0,0,0,0,0.00025039,0.004907638,0.007361458,0
Gr Turbot Ad,0,0,0.00012735,0,0,0,0,0,0,0,0,0,0,0,0,0,0,0,0,0,0,0,0,0,0,0,0,0,0,0,0.007100788,0,0.0220722,0,0.000216028,0,0,0,0,0,0,0,0,0,0,0,0,0,0,0,0,0,0,0,0,0,0,0,0,0,0,0,0,0,0,0,0,0,0,0,0,0,0,0,0,0,0,0,0,0,0,0,0,0,0,0,0,0,0,0,0,0,0,0,0,0,0,0,0,0,0,0,0,0,0,0,0,0,0,0,0,0,0,0,0,0,0,0,0,0,0,0,0,0,0,0.01132698,0.2220088,0.3330132,0
P Halibut Juv,0,0,8.09E-06,0,0,0,0,0,0,0,0,0,9.79E-06,0,0,0,0,0,0,0,0,0,0,0,0,0,0,0,0,0,0,0,0.000133278,0,0.00089079,0,0,2.30E-05,0,0,0,0,0,0,4.22E-07,0,0.000161078,0,0,0,0,0.000144818,0,0,0,0.001817833,0,0,0,0,0,0,0,0,0,0,0,0,0,0,0,0,0,1.83E-06,0,0,0,0,0,0,0,0,0,0,0,0,0,0,0,0,0,0,0,0,0,0,0,0,0,0,0,0,0,0,0,0,0,0,0,0,0,0,0,0,0,0,0,0,0,0,0,0,0,0,0,9.51E-05,0.001863378,0.002795067,0
P Halibut Ad,0,0,8.09E-05,0,0,0,0,0,0,0,0,0,0,0,0,0,0,0,0,0,0,0,0,0,0,0,0,0,0,0,0.004510801,0,0.000189582,0,0.005481615,0,0,0,0,0,0,0,0,0,1.00E-05,0,0,0,0,0,0,0,0,0,0,4.19E-07,0,0,0,0,0,0,0,0,0,0,0,0,0,0,0,0,0,0,0,0,0,0,0,0,0,0,0,0,0,0,0,0,0,0,0,0,0,0,0,0,0,0,0,0,0,0,0,0,0,0,0,0,0,0,0,0,0,0,0,0,0,0,0,0,0,0,0,0,0,0.001225865,0.02402695,0.03604043,0
YF Sole Juv,0,0,0.000176214,0,0,0,0,0,0,0,0,0,0,0,0.001298103,0.02318052,4.54E-05,0.000490862,0.004701564,0.005071783,0,0,0,0,0,0,0,0,0,0,0,0,0,0,0.001009593,0,0,0,0,0,0,0,0,0,0,0,0,0,0,0,0,0,0,0,0,0.000148059,0,0,0,0,0,0,0,0,0,0,0,0,0,0,0,0,0,0.02328875,0.02210491,0,0,0,0,0,0,0,0,0,0,0,0,0,0,0,0,0,0,0,0,0,0,0,0,0,0,0,0,0,0,0,0,0,0,0,0,0,0,0,0,0,0,0,0,0,0,0,0,0,0,0.003045873,0.05969912,0.08954868,0
YF Sole Ad,0,0,0.001762141,0,0,0,0,0,0,0,0,0,0,0,0,0,0,0,0,0,0,0,0,0,0,0,0,0,0,0,0,0,2.76E-05,0,0.03534181,0,0,0,0.000389126,0,0,0,0,0,0.008079192,0,0,0,0,0,0,0,0,0,0,0.009292586,0.007895916,0,0,0,0,0,0,0,0,0,0,0,0,0,0,0,0,0.004879743,0,0,0,0,0,0,0,0,0,0,0,0,0,0,0,0,0,0,0,0,0,0,0,0,0,0,0,0,0,0,0,0,0,0,0,0,0,0,0,0,0,0,0,0,0,0,0,0,0,0,0,0.004308751,0.08445152,0.1266773,0
FH Sole Juv,0,0,4.35E-05,0,0,0,0,0,0,0,0,0,0,0,0.000320636,0.005725676,1.12E-05,0.000121245,0.001161304,0.001252749,0,0,0,0,0,0,0,0,0,0,0,0,3.61E-05,0,0.003517719,0,0,5.09E-05,0.01537219,0,1.56E-06,0,0,0,0.000125779,0,4.73E-07,0,0.004130533,0,0,0,0,0,0,0,0,0,0,3.50E-05,0,0,0,0,0,0,0,0,0,0,0,0,0,0.000192836,0,0.01726848,0,0,0,0,0,0,0,0,0,0,0,0,0,0,0,0,0,0,0,0,0,0,0,0,0,0,0,0,0,0,0,0,0,0,0,0,0,0,0,0,0,0,0,0,0,0,0,0,0,0.002617301,0.05129911,0.07694867,0
FH Sole Ad,0,0,0.000435256,0,0,0,0,0,0,0,0,0,0,0,0,0,0,0,0,0,0,0,0,0,0,0,0,0,0,0,0,0,0.01609837,0,0.01837851,0,0,0,0.000283848,0,2.43E-05,0,1.25E-05,0,0.002631807,0,0,0,0,0,0,0,0,0,0,1.71E-05,0,0,0,0,0,0,0,0,0,0,0,0,0,0,0,0,0,0.001962812,0,0,0,0,0,0,0,0,0,0,0,0,0,0,0,0,0,0,0,0,0,0,0,0,0,0,0,0,0,0,0,0,0,0,0,0,0,0,0,0,0,0,0,0,0,0,0,0,0,0,0,0.01972562,0.386622,0.5799331,0
N Rock sole Juv,0,0,0.000117604,0,0,0,0,0,0,0,0,0,0,0,0.000866342,0.01547046,3.03E-05,0.000327596,0.00313778,0.00338486,0,0,0,0,0,0,0,0,0,0,0,0,0.001518082,0,0.001268795,0,0,5.29E-07,1.63E-05,0,0,0,0,0,3.55E-05,7.80E-06,0.000438421,0,3.04E-05,0,0,0,0,0,0,0.000323291,0,0,0,0,0,0,0,0,0,0,0,0,0,0,0,0,0,0.007946584,0,0,0,0,0,0,0,0,0,0,0,0,0,0,0,0,0,0,0,0,0,0,0,0,0,0,0,0,0,0,0,0,0,0,0,0,0,0,0,0,0,0,0,0,0,0,0,0,0,0,0,0.002410567,0.04724711,0.07087067,0
N Rock sole Ad,0,0,0.001176036,0,0,0,0,0,0,0,0,0,0,0,0,0,0,0,0,0,0,0,0,0,0,0,0,0,0,0,0,0,0.001539463,0,0.08424142,0,0,0,3.97E-06,0,0,0,0,0,0.007893275,0,0,0,0,0,0,0,0,0,0,0.1155911,0.003772409,0,0,0,0,0,0,0,0,0,0,0,0,0,0,0,0,0.002454016,0,0,0,0,0,0,0,0,0,0,0,0,0,0,0,0,0,0,0,0,0,0,0,0,0,0,0,0,0,0,0,0,0,0,0,0,0,0,0,0,0,0,0,0,0,0,0,0,0,0,0,0.02771408,0.5431959,0.8147939,0
AK Plaice,0,0,0.000389521,0,0,0,0,0,0,0,0,0,0,0,0.002869456,0.05124053,0.000100259,0.001085049,0.0103928,0.01121117,0,0,0,0,0,0,0,0,0,0,0,0,8.62E-07,0,0.000700534,0,0,0,0,0,0,0,0,0,0.001203237,0,0.000375026,0,5.37E-09,0,0,0,0,0,0,0,0,0,0,0,0,0,0,0,0,0,0,0,0,0,0,0,0,0.001273567,0,0,0,0,0,0,0,0,0,0,0,0,0,0,0,0,0,0,0,0,0,0,0,0,0,0,0,0,0,0,0,0,0,0,0,0,0,0,0,0,0,0,0,0,0,0,0,0,0,0,0,0.01059996,0.2077593,0.3116389,0
Dover Sole,0,0,8.38E-08,0,0,0,0,0,0,0,0,0,0,0,6.17E-07,1.10E-05,2.16E-08,2.34E-07,2.24E-06,2.41E-06,0,0,0,0,0,0,0,0,0,0,0,0,0,0,0,0,0,0,0,0,0,0,0,0,0,0,0,0,0,0,0,0,0,0,0,0,0,0,0,0,0,0,0,0,0,0,0,0,0,0,0,0,0,0,0,0,0,0,0,0,0,0,0,0,0,0,0,0,0,0,0,0,0,0,0,0,0,0,0,0,0,0,0,0,0,0,0,0,0,0,0,0,0,0,0,0,0,0,0,0,0,0,0,0,0,2.40E-06,4.70E-05,7.05E-05,0
Rex Sole,0,0,1.48E-05,0,0,0,0,0,0,0,0,0,0,0,0.00010911,0.001948398,3.81E-06,4.13E-05,0.000395182,0.0004263,0,0,0,0,0,0,0,0,0,0,0,0,0,0,0,0,0,0,0,0,0,0,0,0,0.000236613,0,0,0,0,0,0,0,0,0,0,0,0,0,0,0,0,0,0,0,0,0,0,0,0,0,0,0,0,0,0,0,0,0,0,0,0,0,0,0,0,0,0,0,0,0,0,0,0,0,0,0,0,0,0,0,0,0,0,0,0,0,0,0,0,0,0,0,0,0,0,0,0,0,0,0,0,0,0,0,0,0.000410345,0.00804277,0.01206416,0
Misc Flatfish,0,0,5.56E-05,0,0,0,0,0,0,0,0,0,0,0,0.000409406,0.007310858,1.43E-05,0.000154812,0.001482817,0.001599579,0,0,0,0,0,0,0,0,0,0,0,0,3.54E-05,0,0.008088498,0,0,0,0,0,0,0,0,0,0.006540267,0,1.32E-05,0,0,0,0,0,0,0,0,0.002263648,0,0,0,0,0,0,0,0,0,0,0,0,0,0,0,0,7.06E-05,0.001069727,0,0,0,0,0,0,0,0,0,0,0,0,0,0,0,0,0,0,0,0,0,0,0,0,0,0,0,0,0,0,0,0,0,0,0,0,0,0,0,0,0,0,0,0,0,0,0,0,0,0,0,0.001934127,0.03790889,0.05686333,0
Alaska skate,0,0.001863921,0,0,0,0,0,0,0,0,0,0,0,0,0,0,0,0,0,0,0,0,0,0,0,0,0,0,0,0,0,0,0,0,4.26E-06,0,0,0,0,0,0,0,0,0,4.17E-06,0,0,0,0,0,0,0,0,0,0,0,0,0,0,0,0,0,0,0,0,0,0,0,0,0,0,0,0,0,0,0,0,0,0,0,0,0,0,0,0,0,0,0,0,0,0,0,0,0,0,0,0,0,0,0,0,0,0,0,0,0,0,0,0,0,0,0,0,0,0,0,0,0,0,0,0,0,0,0,0,0.007642755,0.149798,0.224697,0
Other skates,0,0.000254563,0,0,0,0,0,0,0,0,0,0,0,0,0,0,0,0,0,0,0,0,0,0,0,0,0,0,0,0,0,0,0,0,0,0,0,0,0,0,0,0,0,0,2.37E-05,0,0,0,0,0,0,0,0,0,0,0,0,0,0,0,0,0,0,0,0,0,0,0,0,0,0,0,0,0,0,0,0,0,0,0,0,0,0,0,0,0,0,0,0,0,0,0,0,0,0,0,0,0,0,0,0,0,0,0,0,0,0,0,0,0,0,0,0,0,0,0,0,0,0,0,0,0,0,0,0,0.001028823,0.02016493,0.0302474,0
Sablefish Juv,0,1.83E-05,0,0,0,0,0,0,0,0,0,0,0,0,0.000367104,0.000591106,0,0,0,0,0,0,0,0,0,0,0,0,0,0,0,0,0,0,0,0,0,0,0,0,0,0,0,0,0,0,0,0,0,0,0,0,0,0,0,0,0,0,0,0,0,0,0,0,0,0,0,0,0,0,0,0,0,0,0,0,0,0,0,0,0,0,0,0,0,0,0,0,0,0,0,0,0,0,0,0,0,0,0,0,0,0,0,0,0,0,0,0,0,0,0,0,0,0,0,0,0,0,0,0,0,0,0,0,0,4.65E-05,0.000911894,0.001367842,0
Sablefish Ad,0,8.61E-05,0,0,0,0,0,0,0,0,0,0,0,0,0,0,0,0,0,0,0,0,0,0,0,0,0,0,0,0,0,0,0,0,0,0,0,0,0,0,0,0,0,0,0.000250075,0,0,0,0,0,0,0,0,0,0,0,0,0,0,0,0,0,0,0,0,0,0,0,0,0,0,0,0,0,0,0,0,0,0,0,0,0,0,0,0,0,0,0,0,0,0,0,0,0,0,0,0,0,0,0,0,0,0,0,0,0,0,0,0,0,0,0,0,0,0,0,0,0,0,0,0,0,0,0,0,0.000359602,0.007048189,0.01057228,0
Eelpouts,0,0.005131734,0,0.01042574,0.07046294,0,0,0,0,0,0,0,0,0,0,0,1.71E-05,0.000185088,0.01329605,0.03471014,0,0,0,0,0,0,0,0,0,0,0,0,0.04994711,0.000107231,0.254222,0,0,1.38E-05,0.05829768,0,0.001470227,0,0.1202549,0,0.002257966,0,7.89E-05,0.002127654,0.004827423,0,0.002935713,9.25E-05,0,0,0.01861141,0.118582,0.005894342,0,1.83E-05,0.08754272,0,0,0,0,0,0,0,0,0,0,0,0,0,0.03599431,0,0,0,0,0,0,0,0,0,0,0,0,0,0,0,0,0,0,0,0,0,0,0,0,0,0,0,0,0,0,0,0,0,0,0,0,0,0,0,0,0,0,0,0,0,0,0,0,0,0,0,0.01999443,0.3918908,0.5878362,0
Grenadiers,0,0.002651846,0,0,0,0,0,0,0,0,0,0,0,0,0,0,0,0,0,0,0,0,0,0,0,0,0,0,0,0,0.03194838,0,0,0,0,0,0,0,6.84E-06,0,0,0,1.02E-05,0,0,0,0,0,0,0,0,0,0,0,0,0,0,0,0,0,0,0,0,0,0,0,0,0,0,0,0,0,0,0,0,0,0,0,0,0,0,0,0,0,0,0,0,0,0,0,0,0,0,0,0,0,0,0,0,0,0,0,0,0,0,0,0,0,0,0,0,0,0,0,0,0,0,0,0,0,0,0,0,0,0,0.009870981,0.1934712,0.2902068,0
Misc fish deep,0,2.18E-05,0,0,0,0,0,0,0,0,0,0,0,0,0,0,0,0,0,0,0,0,0,0,0,0,0,0,0,0,0,0,5.67E-05,0,0,0,0,0,0,0,0,0,0,0,0,0,0,0,0,0,0,0,0,0,0,0,0,0,0,0,0,0,0.001226677,0,0,0,0,0,0,0,0,0,0,0,0,0,0,0,0,0,0,0,0,0,0,0,0,0,0,0,0,0,0,0,0,0,0,0,0,0,0,0,0,0,0,0,0,0,0,0,0,0,0,0,0,0,0,0,0,0,0,0,0,0,0,7.10E-05,0.001392154,0.002088231,0
POP,0,0.000456473,0,0,0,0,0,0,0,0,0,0,0,0,5.62E-05,0.001002928,5.23E-06,5.66E-05,0.000809316,0,0,0.00044762,5.57E-05,0.000148015,2.65E-05,2.90E-05,1.92E-07,7.08E-06,5.85E-06,0,0,0,0,0,0.000709861,0,0,0,0,0,0,0,0,0,0,0,0,0,0,0,0,0,0,0,0,0,0,0,0,0,0,0,0,0,0,0,0,0,0,0,0,0,0,0,0,0,0,0,0,0,0,0,0,0,0,0,0,0,0,0,0,0,0,0,0,0,0,0,0,0,0,0,0,0,0,0,0,0,0,0,0,0,0,0,0,0,0,0,0,0,0,0,0,0,0,0.001384695,0.02714002,0.04071004,0
Sharpchin Rock,0,3.39E-06,0,0,0,0,0,0,0,0,0,0,0,0,4.16E-07,7.44E-06,3.88E-08,4.20E-07,6.00E-06,0,0,3.32E-06,4.13E-07,1.10E-06,1.97E-07,2.15E-07,1.43E-09,5.25E-08,4.34E-08,0,0,0,0,0,0,0,0,0,0,0,0,0,0,0,0,0,0,0,0,0,0,0,0,0,0,0,0,0,0,0,0,0,0,0,0,0,0,0,0,0,0,0,0,0,0,0,0,0,0,0,0,0,0,0,0,0,0,0,0,0,0,0,0,0,0,0,0,0,0,0,0,0,0,0,0,0,0,0,0,0,0,0,0,0,0,0,0,0,0,0,0,0,0,0,0,1.28E-05,0.000251738,0.000377606,0
Northern Rock,0,6.19E-05,0,0,0,0,0,0,0,0,0,0,0,0,7.61E-06,0.000135979,7.09E-07,7.68E-06,0.000109729,0,0,6.07E-05,7.55E-06,2.01E-05,3.59E-06,3.93E-06,2.61E-08,9.60E-07,7.93E-07,0,0,0,0,0,0,0,0,0,0,0,0,0,0,0,0,0,0,0,0,0,0,0,0,0,0,0,0,0,0,0,0,0,0,0,0,0,0,0,0,0,0,0,0,0,0,0,0,0,0,0,0,0,0,0,0,0,0,0,0,0,0,0,0,0,0,0,0,0,0,0,0,0,0,0,0,0,0,0,0,0,0,0,0,0,0,0,0,0,0,0,0,0,0,0,0,0.000234678,0.00459969,0.006899535,0
Dusky Rock,0,1.67E-06,0,0,0,0,0,0,0,0,0,0,0,0,2.06E-07,3.69E-06,1.92E-08,2.08E-07,2.98E-06,0,0,1.64E-06,2.04E-07,5.42E-07,9.71E-08,1.06E-07,7.06E-10,2.60E-08,2.14E-08,0,0,0,0,0,0,0,0,0,0,0,0,0,0,0,0,0,0,0,0,0,0,0,0,0,0,0,0,0,0,0,0,0,0,0,0,0,0,0,0,0,0,0,0,0,0,0,0,0,0,0,0,0,0,0,0,0,0,0,0,0,0,0,0,0,0,0,0,0,0,0,0,0,0,0,0,0,0,0,0,0,0,0,0,0,0,0,0,0,0,0,0,0,0,0,0,5.48E-06,0.000107497,0.000161245,0
Shortraker Rock,0,2.60E-05,0,0,0,0,0,0,0,0,0,0,0,0,3.20E-06,5.71E-05,2.98E-07,3.23E-06,4.61E-05,0,0,2.55E-05,3.17E-06,8.43E-06,1.51E-06,1.65E-06,1.10E-08,4.04E-07,3.33E-07,0,0,0,0,0,0,0,0,0,0,0,0,0,0,0,0,0,0,0,0,0,0,0,0,0,0,0,0,0,0,0,0,0,0,0,0,0,0,0,0,0,0,0,0,0,0,0,0,0,0,0,0,0,0,0,0,0,0,0,0,0,0,0,0,0,0,0,0,0,0,0,0,0,0,0,0,0,0,0,0,0,0,0,0,0,0,0,0,0,0,0,0,0,0,0,0,8.64E-05,0.001694014,0.002541021,0
Rougheye Rock,0,1.01E-05,0,0,0,0,0,0,0,0,0,0,0,0,1.24E-06,2.22E-05,1.16E-07,1.25E-06,1.79E-05,0,0,9.91E-06,1.23E-06,3.28E-06,5.86E-07,6.42E-07,4.26E-09,1.56E-07,1.29E-07,0,0,0,0,0,0,0,0,0,0,0,0,0,0,0,0,0,0,0,0,0,0,0,0,0,0,0,0,0,0,0,0,0,0,0,0,0,0,0,0,0,0,0,0,0,0,0,0,0,0,0,0,0,0,0,0,0,0,0,0,0,0,0,0,0,0,0,0,0,0,0,0,0,0,0,0,0,0,0,0,0,0,0,0,0,0,0,0,0,0,0,0,0,0,0,0,3.24E-05,0.000634364,0.000951546,0
Shortspine Thorns,0,1.26E-05,0,0,0,0,0,0,0,0,0,0,0,0,1.55E-06,2.78E-05,1.45E-07,1.57E-06,2.24E-05,0,0,1.24E-05,1.54E-06,4.09E-06,7.32E-07,8.01E-07,5.32E-09,1.96E-07,1.62E-07,0,0,0,0,0,0,0,0,0,0,0,0,0,1.37E-08,0,0,0,0,0,0,0,0,0,0,0,0,0,0,0,0,0,0,0,0,0,0,0,0,0,0,0,0,0,0,0,0,0,0,0,0,0,0,0,0,0,0,0,0,0,0,0,0,0,0,0,0,0,0,0,0,0,0,0,0,0,0,0,0,0,0,0,0,0,0,0,0,0,0,0,0,0,0,0,0,0,0,1.86E-05,0.000364651,0.000546977,0
Other Sebastes,0,2.46E-05,0,0,0,0,0,0,0,0,0,0,3.96E-06,0,3.02E-06,5.40E-05,2.82E-07,3.05E-06,4.36E-05,0,0,2.41E-05,3.00E-06,7.97E-06,1.43E-06,1.56E-06,1.04E-08,3.81E-07,3.15E-07,0,0,0,0,0,3.85E-06,0,0,0,0,0,0,0,0,0,0,0,0,0,0,0,0,0,0,0,0,0,0,0,0,0,0,0,0,0,0,0,0,0,0,0,0,0,0,0,0,0,0,0,0,0,0,0,0,0,0,0,0,0,0,0,0,0,0,0,0,0,0,0,0,0,0,0,0,0,0,0,0,0,0,0,0,0,0,0,0,0,0,0,0,0,0,0,0,0,0,9.36E-05,0.001834031,0.002751046,0
Atka mackerel Juv,0,0,0,0,0,0,0,0,0,0,0,0,0,0,0,0,0,0,0,0,0,2.90E-07,3.60E-08,9.57E-08,1.71E-08,1.88E-08,1.24E-10,4.58E-09,3.78E-09,0,0,0,0,0,0,0,0,0,0,0,0,0,0,0,0,0,0,0,0,0,0,0,0,0,0,0,0,0,0,0,0,0,0,0,0,0,0,0,0,0,0,0,0,0,0,0,0,0,0,0,0,0,0,0,0,0,0,0,0,0,0,0,0,0,0,0,0,0,0,0,0,0,0,0,0,0,0,0,0,0,0,0,0,0,0,0,0,0,0,0,0,0,0,0,0,0.004708854,0.09229353,0.1384403,0
Atka mackerel Ad,0,0,0,0,0,0,0,0,0,0,0,0,0,0,0.000367104,0.006555465,1.71E-06,1.85E-05,0.002659211,0,0,0,0,0,0,0,0,0,0,0,0,0,0,0,0.01257,0,0,0,0.000563903,0,0,0,0,0,0.001192911,0,0,0,0,0,0,0,0,0,0,0,0,0,0,0,0,0,0,0,0,0,0,0,0,0,0,0,0,5.58E-06,0,0,0,0,0,0,0,0,0,0,0,0,0,0,0,0,0,0,0,0,0,0,0,0,0,0,0,0,0,0,0,0,0,0,0,0,0,0,0,0,0,0,0,0,0,0,0,0,0,0,0,0.003842307,0.07530921,0.1129638,0
Greenlings,0,0,0,0,0,0,0,0,0,0,0,0,0,0,0,0,0,0,5.70E-06,0,0,0,0,0,0,0,0,0,0,0,0,0,0,0,0.000307935,0,0,0,0,0,0,0,0,0,0.000102642,0,0,0,0,0,0,0,0,0,0,0,0,0,0,0,0,0,0,0,0,0,0,0,0,0,0,0,0,0,0,0,0,0,0,0,0,0,0,0,0,0,0,0,0,0,0,0,0,0,0,0,0,0,0,0,0,0,0,0,0,0,0,0,0,0,0,0,0,0,0,0,0,0,0,0,0,0,0,0,0,1.07E-05,0.00021003,0.000315045,0
Lg Sculpins,0,0,0,0,0,0,0,0,0,0,0,0,0,0,0,0,0,0,0,0,0,0,0,0,0,0,0,0,0,0,0,0,0.000883766,0,0.009658213,0,0,0,0,0,0,0,0,0,0.000402796,0,6.86E-05,0,0,0,0,0,0,0,0,3.32E-05,0,0,0,0,0,0,0,0,0,0,0,0,0,0,0,0,0.000423435,0.001984615,0,0,0,0,0,0,0,0,0,0,0,0,0,0,0,0,0,0,0,0,0,0,0,0,0,0,0,0,0,0,0,0,0,0,0,0,0,0,0,0,0,0,0,0,0,0,0,0,0,0,0,0.00836389,0.1639322,0.2458984,0
Other sculpins,0,0,0,0.004324336,0.02922628,0,0,0,0,0,0,0,0,0,7.34E-05,0.001311093,0.000102613,0.001110527,0.01329605,0.0458977,0,0,0,0,0,0,0,0,0,0,0,0.000161985,0.03773488,0.01593315,0.06813884,0,0,0.001003157,0.01161202,0,7.93E-05,0,0.0357676,0,0.005450439,0,0.002020673,0.005008744,0.001531663,0.000493739,1.48E-06,0,0,0,0,0.03209555,0.000332672,0,0,0.06407915,0,0,0,3.97E-06,0,0,0.000123256,0,0,2.89E-05,0,0,0.000357381,0.02275153,0,0,0,0,0,0,0,0,0,0,0,0,0,0,0,0,0,0,0,0,0,0,0,0,0,0,0,0,0,0,0,0,0,0,0,0,0,0,0,0,0,0,0,0,0,0,0,0,0,0,0,0.01018146,0.1995566,0.2993349,0
Misc fish shallow,0,0,0,0.002875993,0.01943756,0,0.002986527,0.0487609,0,0,0,0,0,0,0,0,5.13E-05,0.000555264,0.03589933,0.05737213,0,0,0,0,0,0,0,0,0,0,0.003194838,9.29E-05,0.009873805,0.000419662,0.02610956,0,0,7.46E-05,3.27E-05,0,0.000229013,0,0.01574488,0,0.003771245,3.15E-06,2.89E-05,0,0.01305813,0,0,0,0,0,0,0.005052174,0.006219453,0,3.93E-06,0.004679205,0,0,0,9.55E-07,0,0,0,1.03E-05,3.92E-07,6.96E-06,0,0,0,0.02052015,0.1133449,0,0,0,0,0,0,0,0,0,0,0,0,0,0,0,0,0,0,0,0,0,0,0,0,0,0,0,0,0,0,0,0,0,0,0,0,0,0,0,0,0,0,0,0,0,0,0,0,0,0,0.01085716,0.2128003,0.3192004,0
Octopi,0,0,0,0,0.003428082,0,0,0,0,0,0,0,0,0.01787347,7.34E-05,0.001311093,0.000307838,0.003331582,0.02659211,0.005737212,0,0,0,0,0,0,0,0,0,0,0.003194838,0,0.003064672,0,0.04115553,0,0,0,9.47E-05,0,0,0,8.53E-05,0,0.001155916,0,0.000128145,0,0.000553955,0,0,0,0,0,2.73E-05,0,0,0,0.002100767,0,0,0,0,0,0,0,0,0,0,0,0,0,0,0.01551626,0,0,0,0,0,0,0,0,0,0,0,0,0,0,0,0,0,0,0,0,0,0,0,0,0,0,0,0,0,0,0,0,0,0,0,0,0,0,0,0,0,0,0,0,0,0,0,0,0,0,0,0.003360095,0.06585786,0.09878679,0
Squids,0,0.0992968,0,0.05428188,0.02455539,0,0.00045377,0,0.002783152,0,0.00374131,0,0.002738693,0,0.02202627,0.393328,5.13E-05,0.000555264,0.006648026,0.000286861,0.007577755,0.02022719,0.000526165,0.000142887,0.001322512,0.02221816,0.000152811,0,0,0.003750001,0.03194838,0.009478771,0.1778746,0,0.005910354,0,0,0,0.01193263,0,5.80E-05,0,0.5358649,0,0.000785002,0,0,0.001782311,7.10E-05,0,8.90E-05,0,0,0,0,3.92E-05,0,0.001139689,0.006010481,0,0.968099,0.008094369,0.000132813,0.000401459,0.002997914,0,0.000167055,0.004572457,0,0.002925179,0,0,0,7.40E-05,0,0,0,0,0.3799457,0,0,0,0,0,0,0,0,0,0,0,0,0,0,0,0,0,0,0,0,0,0,0,0,0,0,0,0,0,0,0.001013791,0,0,0,0,0,0,0,0,0,0,0,0,0,0,0,0.04252157,0.8334227,1.250134,0
Salmon returning,0,0,5.97E-05,0.000911391,0.006159687,0,0.000946419,0.01545213,0,0,0.002975937,0,0,0,0.000734209,0.01311093,8.55E-06,9.25E-05,0.000664803,0,0,0,0,0,0,0,0,0,0,0,0.007987095,0,0,0,0.01050103,0,0,0,0,0,0,0,0,0,0,0,0,0,0,0,0,0,0,0,0,0.03476825,0,0,0,0,0,0,0,0,0,0,0,0,0,0,0,0,0,0,0,0,0,0,0,0,0,0,0,0,0,0,0,0,0,0,0,0,0,0,0,0,0,0,0,0,0,0,0,0,0,0,0,0,0,0,0,0,0,0,0,0,0,0,0,0,0,0,0,0,0,0.007732886,0.1515646,0.2273469,0
Salmon outgoing,0,0,3.65E-10,5.57E-09,3.75E-08,0,5.77E-09,9.42E-08,0,0,1.82E-08,0,0,0,0.000734209,0.01311093,8.55E-06,9.25E-05,0.000664803,0,0,0,0,0,0,0,0,0,0,5.84E-10,0,0,0,0,0,0,0,0,0,0,0,0,0,0,0,0,0,0,0,0,0,0,0,0,0,0,0,0,0,0,0,0,0,0,0,0,0,0,0,0,0,0,0,0,0,0,0,0,0,0,0,0,0,0,0,0,0,0,0,0,0,0,0,0,0,0,0,0,0,0,0,0,0,0,0,0,0,0,0,0,0,0,0,0,0,0,0,0,0,0,0,0,0,0,0,0.000841276,0.01648902,0.02473353,0
Bathylagidae,0,0,5.80E-05,0.000884752,0,0,0,0,0,0,0,0,0,0,0,0,0,0,0,0,0.000395111,0,0,0,0,0,0,0.000272263,0,9.28E-05,0,0,0.03836642,0,8.58E-06,0,0,0,0,0,0,0,0.0844527,0,0,0,0,0,6.11E-06,0,0,0,0,0,0,0,0,0,0.000967078,0,0,0,0.002356511,0,0,0,0,0,0,0,0,0,0,0,0,0,0,0,0,0,0,0,0,0,0,0,0,0,0,0,0,0,0,0,0,0,0,0,0,0,0,0,0,0,0,0,0,0,0,0.001013791,0,0,0,0,0,0,0,0,0,0,0,0,0,0,0,0.002368815,0.04642878,0.06964317,0
Myctophidae,0,0,0.000206347,0.003149738,0,0,0,0,0,0,0,0,0,0,0.002936835,0.05789001,0,0,0,0,0.001406603,0.001261321,0.008727266,0,0,0,0,0.000969261,0,0.000330444,0,0.03347095,0.179873,0,1.12E-06,0,0,0,0.004638491,0,3.43E-05,0,0.1053426,0,3.01E-05,0,0,0,1.37E-05,0,0,0,0,0,0,0,0,0,5.75E-05,0,0,0,0.003331629,2.64E-06,0,0,5.29E-05,1.13E-05,0,1.92E-05,0,0,0,0,0,0,0,0.2472766,0,0,0,0,0,0,0,0,0,0,0,0,0,0,0,0,0,0,0,0,0,0,0,0,0,0,0,0,0,0,0,0.001013791,0,0,0,0,0,0,0,0,0,0,0,0,0,0,0,0.01224131,0.2399296,0.3598944,0
Capelin,0,0,0.000171201,0.002613254,0.01766182,0,0.00271369,0.04430629,0,0,0.008532982,0,0.0002072,0,0.0112334,0.2005973,0.000102613,0.001110527,0.01462566,0.04905317,0.01185093,0.03049745,0.005166994,0.00145653,0.00344496,0.000378096,1.47E-06,0.00080417,0.001026517,0.00027416,0,0.0146771,0.05378023,2.60E-05,0.02641397,0,0,0,0.01633139,0,0,0,0,0,0.00942107,0,2.22E-08,0,0.002456651,0,0,0,0,0,0.02018832,0,0,0,0,0.001225912,0,0,0,0,0,0,0,0,0,0,0,0,0,0.01329252,0,0,0,0.2472766,0,0,0,0,0,0,0,0,0,0,0,0,0,0,0,0,0,0,0,0,0,0,0,0,0,0,0,0,0,0,0,0.001013791,0,0,0,0,0,0,0,0,0,0,0,0,0,0,0,0.02180822,0.427441,0.6411616,0
Sandlance,0,0,0.000604749,0.00923103,0.06238846,0,0.009585805,0.156507,0,0,0.03014181,0,0.000731912,0,0.000734209,0.01311093,6.84E-05,0.000740351,0,0,0.004122371,0.1077289,0.01825184,0.005145027,0.01216893,0.001335582,5.21E-06,0.004629689,0.003626059,0.000968441,0,0.05135705,0.1210366,0.00950448,0.1520443,0,0,0,0.000566572,0,0,0,0,0,0.008391384,0.001289805,0.00673333,0,0.008922482,0,0.5964319,0.01570881,0,0,0,0.03975596,1.67E-05,0,0,0,0,0,0,0,0,0,0,0,0,0,0,0,0,0.01012609,0,0,0,0.2472766,0,0,0,0,0,0,0,0,0,0,0,0,0,0,0,0,0,0,0,0,0,0,0,0,0,0,0,0,0,0,0,0.001013791,0,0,0,0,0,0,0,0,0,0,0,0,0,0,0,0.04310618,0.8448812,1.267322,0
Eulachon,0,0,0.000113959,0.001739502,0.01175653,0,0.001806356,0.0294923,0,0,0.005679945,0,0.000137922,0,0,0,0,0,0,0,0.000776823,0.0203005,0.003439389,0.000969533,0.002293123,0.000251678,9.82E-07,0.000535293,0.000683297,0.000182494,0,0,0.000684919,0,0.000920723,0,0,0,0.02875553,0,0,0,0,0,8.53E-06,0,0,0,0,0,0,0.000275936,0,0,0,0,0,0,0,0,0,0,0,0,0,0,0,0,0,0,0,0,0,1.08E-05,0,0,0,0.2472766,0,0,0,0,0,0,0,0,0,0,0,0,0,0,0,0,0,0,0,0,0,0,0,0,0,0,0,0,0,0,0,0.001013791,0,0,0,0,0,0,0,0,0,0,0,0,0,0,0,0.009710546,0.1903267,0.28549,0
Oth managed forage,0,0,0.000237529,0.003625703,0.02450452,0,0.00376505,0.06147181,0,0,0.0118389,0,0.000287476,0,0,0,0,0,0,0,0.001619159,0.04231304,0.007168836,0.002020829,0.004779631,0.000524581,2.05E-06,0.001115728,0.001424219,0.000380378,0,0,0.04177505,0.005394003,0.04789291,0,0,0.000162477,0.007968397,1.76E-05,0.000828743,0,0.01582778,0,0.000642036,0,0.001092891,0,0.02018461,0,0.002585108,0,0,0,0.003618626,0.003496768,7.26E-05,0,0.01667058,0.05726939,0,0,0,0,0,0,0,0,0,0,0,0,0,0.06219829,0,0,0,0.2472766,0,0,0,0,0,0,0,0,0,0,0,0,0,0,0,0,0,0,0,0,0,0,0,0,0,0,0,0,0,0,0,0.001013791,0,0,0,0,0,0,0,0,0,0,0,0,0,0,0,0.01805993,0.3539746,0.5309619,0
Oth pelagic smelt,0,0,0.00010006,0.001527344,0.01032265,0,0.001586045,0.02589528,0,0,0.004987193,0,0.0001211,0,0,0,0,0,0,0,0.000682078,0.01782456,0.003019905,0.000851284,0.002013443,0.000220982,8.62E-07,0.000470006,0.000599959,0.000160236,0,0,6.69E-06,0,0,0,0,0,0,0,0,0,0,0,0,0,0,0,0,0,0,0,0,0,0,0,0,0,0,0,0,0,0,0,0,0,0,0,0,0,0,0,0,0.000369752,0,0,0,0.2472766,0,0,0,0,0,0,0,0,0,0,0,0,0,0,0,0,0,0,0,0,0,0,0,0,0,0,0,0,0,0,0,0.001013791,0,0,0,0,0,0,0,0,0,0,0,0,0,0,0,0.008861561,0.1736866,0.2605299,0
Bairdi,0,0,0,0,0,0.000150931,0,0,0,0,0,1.48E-05,0,0.001525271,0,0,1.46E-06,1.58E-05,0.000226929,0,0,0,0,0,0,0,0,3.62E-06,0,0,0,0,0.01147143,6.40E-06,0.3055838,0,0,0,0,0,3.44E-05,0,2.64E-09,0,0.006343784,2.88E-06,0.00293648,2.94E-06,0.01880548,0,0.000160764,0,7.08E-06,0,0.002786635,0.006861515,0.01036026,0,0,0.003235169,0,0,0,8.41E-08,4.51E-06,0,0,0,0,6.12E-07,0,0.005329609,0,0.005919148,0.08039873,0,0.03512687,0,0,0,0,0,0,0,0,0,0,0,0,0,0,0,0.07475861,0,0,0,0,0,0,0,0,0,0,0,0,0,0,0,0,0,0,0,0,0,0,0,0,0,0,0,0,0,0,0,0,0,0.05321371,0.4789233,0
King Crab,0,0,0,0,0,5.41E-05,0,0,0,0,0,5.31E-06,0,0.000805796,0,0,7.71E-07,8.34E-06,0.000119886,0,0,0,0,0,0,0,0,1.30E-06,0,0,0,2.46E-05,0.000159506,0.000282096,0.06166436,0,0,0,0,0,0,0,2.08E-06,0,0.000444758,0,0.000155981,0,0,0,0,0,0,0,0,0,0,0,0,0,0,0,0,0,0,0,0,0,0,0,0,0,0,0.0189574,0,0,0,0,0,0,0,0,0,0,0,0,0,0,0,0,0,0,0,0,0,0,0,0,0,0,0,0,0,0,0,0,0,0,0,0,0,0,0,0,0,0,0,0,0,0,0,0,0,0,0,0,0.02084116,0.1875704,0
Opilio,0,0,0,0,0,0.00055358,0,0,0,0,0,5.43E-05,0,0.00689331,0,0,6.60E-06,7.14E-05,0.001025585,0,0,0,0,0,0,0,0,1.33E-05,0,0,0,1.35E-06,0.002123889,0.002090172,0.4696533,0,0,0,5.02E-09,0,0,0,3.98E-06,0,0.008275803,0,0.006970655,3.57E-07,0.02452483,0,0.002221499,0.01284209,0,0,6.21E-06,0.04240245,0.004115515,0,0,0.442703,0,0,0,0,0,0,0,0,0,0,0,0,0,0.04178089,0,0,0.03512687,0,0,0,0,0,0,0,0,0,0,0,0,0,0,0,0.07475861,0,0,0,0,0,0,0,0,0,0,0,0,0,0,0,0,0,0,0,0,0,0,0,0,0,0,0,0,0,0,0,0,0,0.2701219,2.431097,0
Pandalidae,0,0,0,0,0,0.001481946,0,0,0,0,0,0.000145293,0,0.01345213,0,0,6.44E-06,6.97E-05,0.01501054,0.01187452,0,0,0,0,0,0,0,3.56E-05,0,0,0.000399355,0.02043062,2.549759,0.01641047,0.336972,0,0,0.002081209,0.05246487,6.28E-05,0.000656613,0,0.005852762,0,0.002335858,7.28E-06,0.000168629,0.03755042,0.277156,0.000900215,0.001208393,0,0.000102206,0,0.04258642,0.001726201,0,0,7.82E-05,0,0,0,0,0.000509196,0,0,0.01576042,6.04E-06,4.48E-06,0.003710187,0,0,0,0.008062551,0.09545599,0.04368733,0,0,0,0,0,0,0,0,0,0,0,0,0,0,0,0,0.07475861,0,0,0,0,0,0,0,0,0,0,0,0,0,0,0,0,0,0,0,0,0,0,0,0,0,0,0,0,0,0,0,0,0,0.3490904,3.141814,0
NP shrimp,0,0,0,0,0,0.002456092,0,0,0,0,0,0.0002408,0,0.02229479,0,0,1.07E-05,0.000115436,0.0248776,0.01968015,0,0,0,0,0,0,0,5.89E-05,0,0,0.000399355,0.1843191,1.06616,0.2899098,0.4832158,0,0,0.01604616,0.02996714,0.000917189,0.001094723,0.000219812,0.008861798,0.01202186,0.001117019,0.03948583,0.07807642,0.06790436,0.2594068,0.005589517,0.130932,0.000126285,0.000121642,0.04432049,0.04442586,0.08789283,0.02064797,0,0.000282349,0.06483927,0.968099,0.008094369,9.87E-05,0.000196782,0.001010785,0,0,0.001017865,0.000353636,0.001433827,0,0,0.001022529,0.205125,1.139773,0.482681,0,0,0,0,0,0,0,0,0,0,0,0,0,0,0,0,0.07475861,0,0,0,0,0,0,0,0,0,0,0,0,0,0,0,0,0,0,0,0,0,0,0,0,0,0,0,0,0,0,0,0,0,0.754149,6.78734,0
Sea stars,0,0,0,0,0,0.000567845,0,0,0,0,0,5.57E-05,0,0,0,0,0,0,0,0,0,0,0,0,0,0,0,0,0,0,0,0,0.00332125,0,0.001010781,0,0,0,0,0,0,0,0,0,2.01E-08,0,1.07E-05,0,1.02E-07,0,2.02E-06,4.36E-08,0,0,0,0.000859649,0,0,2.87E-05,0,0,0,0,0,0,0,0,0,0,0,0,0,0,5.81E-05,0,0,0,0,0,0,0,0,0,0,0,0,0,0,0.004801997,0.004100315,0,0,0,0,0,0,0,0,0,0,0,0,0,0,0,0,0,0,0,0,0,0,0,0,0,0,0,0,0,0,0,0,0,0,0,0,0.5965768,5.36919,0
Brittle stars,0,0,0,0,0,0.000653278,0,0,0,0,0,6.40E-05,0,0,0,0,0,0,0,0,0,0,0,0,0,0,0,0,0,0,0,1.79E-05,0.004233525,0.000221302,0.001270262,0,0,1.84E-06,0.000122026,0,7.11E-07,6.36E-08,2.96E-05,0,1.85E-05,0.006615506,0.03388241,0.08646442,0.6329874,0.000491055,0.05298591,0.003613324,4.72E-06,0,0.02658117,7.89E-05,0,0,1.42E-05,0.8644356,0,0,0,0,0,0,0,0,0,0,0,0,0,0.000110343,0.00041336,0,0,0,0,0,0,0,0,0,0,0,0,0.133426,0.02095144,0.486388,0,0,0.4485517,0,0,0,0,0,0,0,0,0,0,0,0,0,0,0,0,0,0,0,0,0,0,0,0,0,0,0,0,0,0,0,0,0,0.4334579,3.901121,0
Urchins dollars cucumbers,0,0,0,0,0,0.000243512,0,0,0,0,0,2.39E-05,0.02530327,0,0,0,0,0,0,0,0,0,0,0,0,0,0,0,0,0,0,0,1.46E-05,0,0.000882353,0,0,0,0,0,0,0,0,0,1.05E-05,0.01433185,0.04913372,0,0.000735583,0.00335093,0.0957979,0.03233816,0,0,8.76E-05,1.25E-07,0,0,0,0,0,0,0,0,0,0,0,0,0,0,0,0,0,2.29E-05,0,0,0,0,0,0,0,0,0,0,0,0,0,0.02374771,0.127222,0.05041089,0,0,0,0,0,0,0,0,0,0,0,0,0,0,0,0,0,0,0,0,0,0,0,0,0,0,0,0,0,0,0,0,0,0,0,0,0.1000301,0.9002705,0
Snails,0,0,0,0,0,0.000145587,0,0,0,0,0,1.43E-05,0,0.1072408,0,0,1.71E-06,1.85E-05,0,0,0,0,0,0,0,0,0,0,0,0,0.000399355,0,0.02103149,7.73E-05,0.03837905,0,0,8.50E-06,5.81E-05,0,0,0,0,0,0.000586864,0.004340425,0.01113347,0,0.05116514,0.000103036,0.005930913,0.007490016,0,0,0.000197944,0.000466351,0,0,0,0,0,0,0,0,0,0,0,0,0,0,0,0,1.01E-07,0.00148348,0,0,0.281015,0,0,0,0,0,0,0,0,0,0,0.06063877,0.1511467,0.3280309,0,0,0.07475861,0,0,0,0,0,0,0,0,0,0,0,0,0,0,0,0,0,0,0,0,0,0,0,0,0,0,0,0,0,0,0,0,0,0.1776088,1.59848,0
Hermit crabs,0,0,0,0,0,0.000386326,0,0,0,0,0,3.79E-05,0,0.006208857,0,0,5.94E-06,6.43E-05,0.000923753,0.004118531,0,0,0,0,0,0,0,0,0,0,0.000399355,0.01402342,0.06951211,0.01186961,0.4464877,0,0,0.000209863,0.000240998,0,1.82E-06,0,0.005306772,7.69E-06,0.01137067,0.000150822,0.02750866,3.00E-05,0.04092994,6.90E-08,0.02368063,0.000235021,0,0,0.000478158,0.02944162,0.03729299,0,5.52E-07,0.01189775,0,0,0,1.15E-05,0.000616135,0,0,0,0,8.35E-05,0,0,0,0.02072441,0,0.001240892,0.07025374,0,0,0,0,0,0,0,0,0,0,0.02212643,0.01242411,0.2041908,0,0,0.07475861,0,0,0,0,0,0,0,0,0,0,0,0,0,0,0,0,0,0,0,0,0,0,0,0,0,0,0,0,0,0,0,0,0,0.1759896,1.583907,0
Misc crabs,0,0,0,0,0,0.000151835,0,0,0,0,0,1.49E-05,0.01577713,0.002440232,0,0,2.33E-06,2.53E-05,0.000363057,0.001618682,0,0,0,0,0,0,0,3.64E-06,0,0,0,0.001453712,0.01820145,0.00028582,0.08990211,0,0,0,0,0,0,0,0,0,0.001814749,0.000425875,0.001900616,7.14E-07,0.00313558,0,0.004794264,0.000606498,0,0,0,0.001078351,0.003187661,0,0,0.02327152,0,0,0,0,0,0,0,0,0,0,0,0,1.05E-05,0.02102928,0.04358659,0,0,0,0,0,0,0,0,0,0,0,0,0.02212643,0.01242411,0.2041908,0,0,0,0,0,0,0,0,0,0,0,0,0,0,0,0,0,0,0,0,0,0,0,0,0,0,0,0,0,0,0,0,0,0,0,0,0.069043,0.6213871,0
Misc Crustacean,0,0,0,0,0,0.002027192,0,0,0,0,0,0.00019875,0,0,0,0,0,0,0,0,0.000284878,0.003541953,0.000277698,0.000139147,0.002173131,3.11E-06,2.89E-07,4.87E-05,1.00E-05,0,0,0.614736,0.0792448,0.01162199,0.003530332,0,0,0,5.00E-06,9.08E-08,1.59E-06,4.53E-09,1.60E-06,0,4.28E-05,0.2828707,0.009992486,0.007528577,0.003390698,0.00243351,0.0515187,0.003738757,8.77E-07,0,0.002076706,3.61E-05,0,0,0,0.02540916,0,0,0,0,0,0,0,0,0,0,0,0,1.50E-06,0.000856003,0.03279336,0.00010229,0,0,0,0,0,0,0,0,0,0,0,0.007755027,0.01156923,0.1168586,0,0,0,0,0,0,0,0,0,0,0.06845044,0.000379005,0.1476244,0.7931863,0.000772514,0.03405318,50.27187,0,0,0,0,0,0,0,0,0,0,0,0,0,0,0,0,0,0,0,7.891645,71.0248,0
Benthic Amphipods,0,0,0,0,0,0.2608661,0,0,0,0,0,0.00027154,0,0,0,0,0,0,0,0,0,0,0.000379401,0.000190108,0,4.25E-06,3.95E-07,6.65E-05,1.37E-05,0,0,2.151849,1.460054,0.6436246,0.1790871,0,0.000314518,7.17E-05,0.001411105,5.93E-05,0.000202319,0.000136936,0.005487992,2.69E-07,3.64E-05,0.1355108,0.08009857,0.1674952,0.05980229,0.1909553,0.403905,0.2130911,4.10E-05,0.009584943,0.02838361,0.01199147,0.000983272,0,1.25E-05,1.55594,0,0,0.000447232,0.00025833,4.39E-06,5.68E-05,0,0.000105177,0.000834571,0.001882289,0,0,7.73E-05,0.06440649,0.4427047,0.2143643,0,0,0,0,0,0,0,0,0,0,0,0.06143881,0.007170577,0.3247784,4.8736,9.181617,0,1.784806,0,0,0,0,0,0,0.06845044,0.000379005,0.1476244,0.7931863,0.000772514,0.03405318,50.27187,0,0,0,0,0,0,0,0,0,0,0,0,0,0,0,0,0,0,0,11.35458,102.1912,0
Anemones,0,0,0,0,0,2.52E-05,0,0,0,0,0,2.47E-06,0,0,0,0,0,0,0,0,0,0,0,0,0,0,0,0,0,0,0,0,0,0,0,0,0,0,0,0,0,0,0,0,0,0,0,0,0,0,0,0,0,0,0,0,0,0,0,0,0,0,0,0,0,0,0,0,0,0,0,0,0,0,0,0,0,0,0,0,0,0,0,0,0,0,0,0,0,0.01256958,0,0,0,0,0,0,0,0,0,0,0,0,0,0,0,0,0,0,0,0,0,0,0,0,0,0,0,0,0,0,0,0,0,0,0,0,0.03159644,0.284368,0
Corals,0,0,0,0,0,3.01E-06,0,0,0,0,0,2.97E-07,0,0,0,0,0,0,0,0,0,0,0,0,0,0,0,0,0,0,0,0,0,0,0,0,0,0,0,0,0,0,0,0,0,0,0,0,0,0,0,0,0,0,0,0,0,0,0,0,0,0,0,0,0,0,0,0,0,0,0,0,0,0,0,0,0,0,0,0,0,0,0,0,0,0,0,0,0,0,0,0,0,0,0,0,0,0,0,0,0,0,0,0,0,0,0,0,0,0,0,0,0,0,0,0,0,0,0,0,0,0,0,0,0,0,0.000150927,0.001358343,0
Hydroids,0,0,0,0,0,4.95E-05,0,0,0,0,0,4.86E-06,0,0,0,0,0,0,0,0,0,0,0,0,0,0,0,0,0,0,0,0,0,0,3.95E-07,0,0,0,8.09E-07,0,0,0,0,0,0,2.62E-05,5.37E-05,0,7.92E-09,0,4.85E-06,4.27E-10,0,0,4.23E-07,0,0,0,0,0.00814503,0,0,0,0,0,0,0,0,0,0,0,0,2.74E-06,7.33E-06,0.08416561,0,0,0,0,0,0,0,0,0,0,0,0,0.01861175,0.03497472,0.04273879,0,0,0,0,0,0,0,0,0,0,0,0,0,0,0,0,0,0,0,0,0,0,0,0,0,0,0,0,0,0,0,0,0,0,0,0,0.05198035,0.4678231,0
Urochordata,0,0,0,0,0,8.15E-05,0,0,0,0,0,7.99E-06,0,0,0,0,0,0,0,0,0,0,0,0,0,0,0,0,0,0,0,0,0.001974219,0,0.004510723,0,0,0,1.29E-06,0,0,0,0,0,5.05E-06,0.00327517,0.005629708,5.47E-06,0.003374536,0.000508497,0.002997264,0.001027325,0,0,0,2.57E-06,0,0.001709533,0,0,0,0,0,0,0,0,0,0,0,0,0,0,0,0,0,0,0,0,0,0,0,0,0,0,0,0,0,0,0.007170577,0,0,0,0,0,0,0,0,0,0,0,0,0,0,0,0,0,0,0,0,0,0,0,0,0,0,0,0,0,0,0,0,0,0,0,0,0,0.377436,3.396924,0
Sea Pens,0,0,0,0,0,3.07E-06,0,0,0,0,0,3.03E-07,0,0,0,0,0,0,0,0,0,0,0,0,0,0,0,0,0,0,0,0,0,0,0,0,0,0,0,0,0,0,0,0,0,0,0,0,0,0,0,0,0,0,0,0,0,0,0,0,0,0,0,0,0,0,0,0,0,0,0,0,0,0,0,0,0,0,0,0,0,0,0,0,0,0,0,0,0,0,0,0,0,0,0,0,0,0,0,0,0,0,0,0,0,0,0,0,0,0,0,0,0,0,0,0,0,0,0,0,0,0,0,0,0,0,0.00037044,0.00333396,0
Sponges,0,0,0,0,0,1.25E-05,0,0,0,0,0,1.23E-06,0,0,0,0,0,0,0,0,0,0,0,0,0,0,0,0,0,0,0,0,0.006414431,0,0.000358352,0,0,0,2.17E-09,0,0,0,0,0,0,0,0.000309816,0,0,0,1.19E-05,4.38E-05,0,0,0,1.23E-05,0,0,0,0,0,0,0,0,0,0,0,0,0,0,0,0,0,0,0,0,0,0,0,0,0,0,0,0,0,0,0,0.002999215,0,0.01767165,0,0,0,0,0,0,0,0,0,0,0,0,0,0,0,0,0,0,0,0,0,0,0,0,0,0,0,0,0,0,0,0,0,0,0,0,0.01356181,0.1220562,0
Bivalves,0,0,0,0,0,0.0142166,0,0,0,0,0,0.001393825,0,1.253823,0,0,1.71E-06,1.85E-05,0,0,0,0,0.001947483,0.000975832,0,2.18E-05,2.03E-06,0,7.04E-05,0,0,0.01988845,0.03328099,2.45E-05,0.01357848,0,0,0,0.000249899,0,8.60E-06,0,0,0,0.000890097,0.03463608,0.1225482,0.001076882,0.06193975,0.03355265,0.3082827,0.3312351,4.84E-06,8.82E-06,0.0310667,4.30E-05,0,0,0,0.2493818,0,0,0,0,0,0,0,0,0,0,0,0,2.82E-05,0.000425348,0,0,0.281015,0,0,0,0,0,0,0,0,0,0,0.4963421,0.140706,1.714755,1.624533,3.060539,13.60607,0,0,1.460976,1.81822,0.7278746,0,0,0,0,0,0,0,0,0,0,0,0,0,0,0,0,0,0,0,0,0,0,0,0,0,0,0,0,21.38593,192.4734,0
Polychaetes,0,0,0,0,0,0.004983116,0,0,0,0,0,0.000488555,0,0,0,0,0,0,0,0,0,0,0.00068262,0.000342043,0,7.64E-06,7.10E-07,0,2.47E-05,0,0,0.2317166,0.1481114,0.06747223,0.2283477,0,0.003313659,8.18E-06,0.001196798,6.51E-05,6.93E-05,0,1.65E-10,1.48E-06,3.41E-05,0.09250416,0.2688595,0.007093945,0.09908941,0.2937689,1.99317,1.248102,0.000129469,0.01661868,0.1082988,0.003668572,0.000633719,0,1.79E-06,1.132027,0,0,9.31E-05,5.11E-05,0,0.000102294,0,0,0,0.000372529,0,0,0.000168485,0.1186333,0.05797602,2.78E-05,0,0,0,0,0,0,0,0,0,0,0,0.6190785,0.1442353,1.933777,0,0,0.2990344,0,0,1.460976,1.81822,0.7278746,0,0,0,0,0,0,0,0,0,0,0,0,0,0,0,0,0,0,0,0,0,0,0,0,0,0,0,0,18.00879,162.0791,0
Misc worms,0,0,0,0,0,0.000738424,0,0,0,0,0,7.24E-05,0,0.3217223,0,0,0,0,0,0.01520361,0,0,0.000101154,5.07E-05,0,1.13E-06,1.05E-07,0,3.65E-06,0,0,3.48E-05,0.1585272,0.003341297,0.2182711,0,0,0,0,0,2.20E-05,0,0,0,0.000460417,0.005494718,0.1661408,0.006163915,0.01394391,0.003530671,0.4641133,0.2631654,2.50E-05,0.002686729,0.008874841,9.02E-05,0,0,0,0.1122167,0,0,5.67E-09,0,0,0,0,0,0,0,0,0,0,0.02079858,0,0,0,0,0,0,0,0,0,0,0,0,0,0,0.01984969,0.1624503,0,0,0.1495172,0,0,1.460976,1.81822,0.7278746,0,0,0,0,0,0,0,0,0,0,0,0,0,0,0,0,0,0,0,0,0,0,0,0,0,0,0,0,1.842417,16.58175,0
Scyphozoid Jellies,0,0,0,0,0,0,0,0,0,0,0,0,0,0,0,0,0,0,0,0,0,0,0,0,0,0,0,0,0,0,0,0,0.003413903,0,3.09E-05,0,0,0,3.18E-06,0,0,0,0,0,0,0,0.00537591,0,7.18E-06,0,0.000247265,1.13E-05,0,0,0,2.27E-05,0,0,0.000843672,0,0,0,0,0,0,0,0,0,0,0,0,0,0,8.12E-06,0,0.1501618,0,0,0,0,0,0,0,0,0,0,0,0,0,0,0,0,0,0,0,0,0,0,0,0,0,0,0,0,0,0,0,0,0,0,0,0,0,0,0,0,0,0,0,0,0,0,0,0,0,0,0.1346585,0.2019878,0
Fish Larvae,0,0,0,0,0,0,0,0,0,0,0,0,0,0,0,0,0,0,0,0,0,0,0,0,0,0,0,0,0,0,0,0,5.10E-05,0,0.000133886,0,0,0,0.000228536,0,0,0,0,0,1.50E-05,1.85E-05,8.73E-06,0,0,0,0,5.90E-06,0,0,0,0,0,0,0,0,0,0,0,0,0,0,0,0,0,0,0,0,0,0,0,0,0,0,0,0,0,0,0,0,0,0,0,0,0,0,0,0,0,0,0,0,0,0,0,0,0,0,0,0,0,0,0,0,0,0.05068956,0,0,0,0,0,0,0,0,0,0,0,0,0,0,0,0,0.01969799,0.02954699,0
Chaetognaths,0,0,0,0,0,0,0.001428376,0.04664204,7.30E-05,3.73E-05,0.001962813,0.000898336,0,0,0,0,0,0,0,0,0,0,0,0,0,0,0,0,0,0,0,1.829132,0.6954746,0,5.31E-05,0,0,1.44E-08,1.59E-05,0,0,0,0,0,0,0,7.20E-05,0.001549004,0.002228885,0,9.28E-06,0,0,0,0,0,0,0,0,0,0,0,0.000504572,4.91E-05,0.003257942,0,0,0,0,0.000357804,0,0,0,0,0,0,0,0.2472766,0.3799457,0,0,0,0,0,0,0,0,0,0,0,0,0,0,0,0,0,0,0,0,0,0,0,0,0,0,0,0,0,0,0,0,0,0,0,0,0,0,0,0,0,0,0,0,0,0,0,1.141407,1.712111,0
Euphausiids,0,0,0,0,0,0,0.04535952,1.481166,0.002318399,0.001184492,0.06233111,0.02852758,0,0,0,0,0,0,0,0,0.000196044,0.02529641,0.002273192,0.06855632,0.000917769,0.000498192,3.07E-05,9.37E-05,2.62E-05,0,0,12.42212,24.91935,0.05430278,0.1518387,1.171342,7.655847,0.009420193,0.1244631,0.000178405,0.000852167,0.05738979,0.0664318,0,0.000823621,0.01702111,0.1470976,0.09290061,0.2981133,0.002880201,0.05254662,0.002414501,1.62E-05,0.00803146,0.000514087,5.76E-05,9.63E-06,0.005698444,1.86E-05,0.00086542,0,0,0.07084632,0.000573303,0.002261259,0.000832118,0.000379572,0.001429325,0,0.004177292,0.7708697,0.8283462,0,0.0103692,0,0.02710759,0,4.154247,0.3799457,0.04812851,0.5309995,2.714125,4.088744,8.303357,1.813592,3.452469,1.638176,0,0,0.004100315,3.249066,6.121078,0,0,0,0,0,0,0,0,0,0,0,0,0,0,0,0,0,0.6488264,0,0.5513172,0,0,0,0,0,0,0,0,0,0,0,0,0,0,26.00554,39.00832,0
Mysids,0,0,0,0,0,0,0.002753304,0.08990614,0.000140726,7.19E-05,0.003783473,0.001731612,0,0,0,0,0,0,0,0,0,0.001535482,0.000137982,0.00416134,5.57E-05,3.02E-05,1.86E-06,0,1.59E-06,0,0,3.542086,0.8416196,0.4873303,0.1560546,0,0,0.000751124,0.001323176,1.25E-05,2.65E-05,3.69E-07,0.000201797,0.005316668,0.00020928,0.00708005,0.00524509,0.1196312,0.1175978,0.009241677,0.005280928,4.57E-05,1.10E-06,0,0.08655659,0.000680382,1.55E-05,0,0,0.000399793,0,0,0.2371451,0.000393364,0.000271412,0,0.002500872,0.000192276,0.001113558,0.002866194,0,0,0.000102984,0.08215151,0.007013797,0.0808048,0,0.2472766,0,0,0,0,0,0,0,0,0,0,0,0.02806772,0,0,0,0,0,0,0,0,0,0,0,0,0,0,0,0,0,0,0,0,0,0.5513172,0,0,0,0,0,0,0,0,0,0,0,0,0,0,2.470268,3.705402,0
Pelagic Amphipods,0,0,0,0,0,0,0.004291093,0.1401209,0.000219325,0.000112055,0.005896637,0.002698761,0,0,0,0,0,0,0,0,0,0.002393086,0.000215048,0.006485549,8.68E-05,4.71E-05,2.90E-06,0,2.48E-06,0,0,0.1972483,1.134227,0.000348821,0.000681193,0,0.003372713,2.65E-08,4.21E-07,0,0,0.000444437,0.00029462,0,0,1.58E-05,0.000459473,7.54E-05,0.000608317,2.32E-06,5.28E-05,2.67E-05,5.43E-06,0,0.002243113,0,0,0,3.34E-06,0.005120239,0,0,8.00E-07,1.12E-06,8.08E-05,0,0,0,0,8.17E-06,0,0,1.72E-06,0.04935538,0.01883721,0.03270204,0,1.384749,0,0.04812851,0,0,0,0,0,0,0,0,0,0,0,0,0,0,0,0,0,0,0,0,0,0,0,0,0,0,0,0,0,0,0,0.5513172,0,0,0,0,0,0,0,0,0,0,0,0,0,0,1.226384,1.839576,0
Gelatinous filter feeders,0,0,0,0,0,0,0,0,0,0,0,0,0,0,0,0,0,0,0,0,0,0,0,0,0,0,0,0,0,0,0,0.2180179,1.033264,0,6.42E-07,0,0,0,0.000177105,0,0,4.30E-08,0,0,0,2.47E-06,0.002047444,3.54E-06,4.60E-06,0,0.002164577,8.46E-05,0,0,0,0,0,0,0,0,0,0,4.13E-05,0,0,0,0,0,0,0,0,0.003108803,0,0.02679854,0,1.284489,0,0.3956426,0,0,0,0,0,0,0,0,0,0,0,0,0,0,0,0,0,0,0,0,0,0,0,0,0,0,0,0,0,0,0,0.05068956,0,0.5513172,0,0,0,0,0,0,0,0,0,0,0,0,0,0,1.236098,1.854147,0
Pteropods,0,0,0,0,0,0,0.000620146,0.02025018,3.17E-05,1.62E-05,0.000852177,0.000390023,0,0,0,0,0,0,0,0,0,0,0,0,0,0,0,0,0,0,0,0.000172558,0.04307967,4.27E-08,2.33E-06,0,0,0,4.26E-07,0,0,2.64E-06,1.90E-06,0,0,1.18E-05,0.004510649,0.003564622,9.61E-08,0,0.002307163,2.88E-07,0,0,0,0,0,0.001139689,0,0,0,0,5.07E-05,2.60E-06,0.000139601,0,0,0,0,1.89E-05,0,0,0,4.59E-05,0,0,0,0,0.3799457,0,0,0,0,0,0,0,0,0,0,0,0,0,0,0,0,0,0,0,0,0,0,0,0,0,0,0,0,0,0,0,0,0.5513172,0,0,0,0,0,0,0,0,0,0,0,0,0,0,0.3941608,0.5912412,0
Copepods,0,0,0,0,0,0,0.00045377,0.592695,0.04453043,0.02701684,0.00374131,0.02490641,0,0,0,0,0,0,0,0,0.000288249,0.03719396,0.003342333,0.1008001,0.00134942,0.000732504,4.51E-05,0.000137779,3.86E-05,0,0,15.82912,26.03021,0.0100356,0.000350727,0.1619191,0.3401541,1.20E-05,1.23E-05,0,0,0,0,0,0,0.002852122,0.000172517,0.002379976,0.000323979,9.61E-06,0.000434397,1.67E-05,0,0,0.001545834,0,0,0.001709533,0,0,0,0,0.0170102,0.000601077,0.04520591,0.000231866,0,2.88E-05,0,0.004379662,0.08565219,0.005329609,0,2.99E-05,0.04241169,0.000750409,0,1.978213,0.3799457,0.09625702,0.05899995,0.3015695,0.4543049,0.9225952,0.2015102,0.3836077,0.1820195,0,0,0,0,0,0,0,0,0,0,0,0,0,0,0,0,0,0,0,0,0,0,0.1520687,0.04563464,2.756586,69.73208,5.86723,3.026793,3.026409,0.9063079,0,0,0,0,0,0,0,0,0,70.50269,105.754,0
Pelagic microbes,0,0,0,0,0,0,0,0,0,0,0,0,0,0,0,0,0,0,0,0,0,0,0,0,0,0,0,0,0,0,0,0,0.000225931,5.78E-05,5.11E-06,0,0,0,0,0,0,0,0,0,0,0.000156838,0.000397076,5.35E-07,5.95E-05,2.76E-06,0.001334127,0.000305106,0,0,0,0,0,0,0,0.003102866,0,0,0,0,0,0,0,0,0,0,0,0,0,0,0.000826723,0,0,0,0,0,0,0,0,0,0,0,0,0,0,0,0,0,0,0,0,0,0,0,0,0,0,0,0,0,0,0,0,0,0,0.05068956,0.02738079,1.653951,41.83925,3.520338,1.816076,1.815845,0.5437847,372.5119,0,0,0,0,0,0,0,0,956.7714,1435.157,0
Benthic microbes,0,0,0,0,0,0,0,0,0,0,0,0,0,0,0,0,0,0,0,0,0,0,0,0,0,0,0,0,0,0,0,0,0,0,0,0,0,0,0,0,0,0,0,0,0,0,0,0,0,0,0,0,0,0,0,0,0,0,0,0,0,0,0,0,0,0,0,0,0,0,0,0,0,0,0,0,0,0,0,0,0,0,0,0,0,0,0,0,0,0,0,0,0,0,0,0,0,0,164.3875,236.7282,0.08214053,0.000454806,0.1771493,0.9518236,0.000927017,0.04086382,60.32624,161.0288,20.45737,0,0,0,0,0,0,0,0,0,0,0,0,0,0,0,0,0,73.62074,662.5866,0
Macroalgae,0,0,0,0,0,0,0,0,0,0,0,0,0,0,0,0,0,0,0,0,0,0,0,0,0,0,0,0,0,0,0,0,0,0,0.000152204,0,0,0,0,0,0,0,0,0,3.39E-07,0,0,0,0,0,9.62E-08,0,0,0,0,0,0,0,0,0,0,0,0,0,0,0,0,0,0,0,0,0,0,0,0,0,0,0,0,0,0,0,0,0,0,0,0,0,0.01905634,0.03024123,0,0,0,0,0.8901562,1.460976,0,0,0,0,0,0,0,0,0,0,0,0,0,0,0,0,0,0,0,0,0,0,0,0,0,0,0,0,0,0,0.06001235,0.5401111,0
Lg Phytoplankton,0,0,0,0,0,0,0,0,0,0,0,0,0,0,0,0,0,0,0,0,0,0,0,0,0,0,0,0,0,0,0,0,0,0,0,0,0,0,0,0,0,0,0,0,0,0,0,0,0,0,0,0,0,0,0,0,0,0,0,0,0,0,0,0,0,0,0,0,0,0,0,0,0,0,0,0,0,0,0,0,0,0,0,0,0,0,0,0,0,0,0,0,0,0,0,0,0,0,0,0,0,0,0,0,0,0,0,0,0,0.05068956,0.09126928,2.756586,139.4642,11.73446,6.053586,6.052817,1.812616,186.2559,0,0,0,0,0,0,0,0,35.42721,53.14082,0
Sm Phytoplankton,0,0,0,0,0,0,0,0,0,0,0,0,0,0,0,0,0,0,0,0,0,0,0,0,0,0,0,0,0,0,0,0,0,0,0,0,0,0,0,0,0,0,0,0,0,0,0,0,0,0,0,0,0,0,0,0,0,0,0,0,0,0,0,0,0,0,0,0,0,0,0,0,0,0,0,0,0,0,0,0,0,0,0,0,0,0,0,0,0,0,0,0,0,0,0,0,0,0,0,0,0,0,0,0,0,0,0,0,0,0,0.01825386,1.102634,27.89283,2.346892,1.210717,1.210564,0.3625232,186.2559,3285,0,0,0,0,0,0,0,350.5397,525.8096,0
Outside Production,0,0,0,0,0,0,0,0,0,0,0,0,0,0,0,0,0,0,0,0,0,0,0,0,0,0,0,0,0,0,0,0,0,0,0,0,0,0,0,0,0,0,0,0,0,0,0,0,0,0,0,0,0,0,0,0,0,0,0,0,0,0,0,0,0,0,0,0,0,0,0,0,0,0,0,0,0,0,0,0,0,0,0,0,0,0,0,0,0,0,0,0,0,0,0,0,0,0,0,0,0,0,0,0,0,0,0,0,0,0,0,0,0,0,0,0,0,0,0,0,0,0,0,0,0,0,1.2,1.8,1
Discards,0,0,0,0,0,0,0,0,0,0,0,0,0,0,0,0,0,0,0,0,0,0,0,0,0,0,0,0,8.42E-05,0,0,0,0,0,0,0,0,0,0,0,0,0,0,0,0,0,0,0,0,0,0,0,0,0,0,0,0,0,0,0,0,0,0,0,0,0,0,0,0,0,0,0,0,0,0,0,0,0,0,0,0,0,0,0,0,0,0,0.01009063,0.002400998,0.04009432,0,0,0,0,0,0,0,0,0,0,0,0,0,0,0,0,0,0,0,0,0,0,0,0,0,0,0,0,0,0,0,0,0,0,0,0,0.2205154,0.3307732,0
Offal,0,0,0,0,0,0,0,0,0,0,0,0,0,0,0,0,0,0,0,0,0,0,0,0,0,0,0,0,0,0,0.01597419,0,0.8045913,1.05E-05,0.4608103,0,0,0,0.06448787,0,8.44E-05,0,0.000449095,0,0.004249737,0.001899998,0.01121053,0,0.1016759,0,2.20E-05,1.83E-05,0,0,0,0.2101837,0.000273796,0,0.002120585,0.00296176,0,0,0,0,0,0,0,0,0,0,0,0,0,0.008662378,0,0,0,0,0,0,0,0,0,0,0,0,0,0.01009063,0.002400998,0.04009432,0,0,0,0,0,0,0,0,0,0,0,0,0,0,0,0,0,0,0,0,0,0,0,0,0,0,0,0,0,0,0,0,0,0,0,0,0.5024284,0.7536426,0
Pelagic Detritus,0,0,0,0,0,0,0,0,0,0,0,0,0,0,0,0,0,0,0,0,0,0,0,0,0,0,0,0,0,0,0,0,0,0,0,0,0,0,0,0,0,0,0,0,0,0,0,0,0,0,0,0,0,0,0,0,0,0,0,0,0,0,0,0,0,0,0,0,0,0,0,0,0,0,0,0,0,0,0,0,0,0,0,0,0,0,0,0,0,0,0,0,0,0,0,0,0,0,0,0,0,0,0,0,0,0,0,0,0,0,0,0,0,0,0,0,0,0,1407.857,0,0,0,0,0,0,0,0,0,0
Benthic Detritus,0,0,0,0,0,0,0,0,0,0,0,0,0,0,0,0,0,0,0,0,0,0,0,0,0,0,0,0,0,0,0,0,0,0,0,0,0,0,0,0,0,0,0,0,0,0,0,0,0,0,0,0,0,0,0,0,0,0,0,0,0,0,0,0,0,0,0,0,0,0,0,0,0,0,0,0,0,0,0,0,0,0,0,0,0,0,0,0.125353,0.04600366,1.046094,6.498132,12.24216,0,16.06326,2.670469,1.460976,1.81822,0.7278746,164.3875,236.7282,0.3285621,0.001819224,0.708597,3.807294,0.003708066,0.1634553,241.305,161.0288,20.45737,0,0,0,0,0,0,0,0,0,0,2300.648,0,0,0,0,0,0,0,0,0
Outside Detritus,0,0,0,0,0,0,0,0,0,0,0,0,0,0,0,0,0,0,0,0,0,0,0,0,0,0,0,0,0,0,0,0,0,0,0,0,0,0,0,0,0,0,0,0,0,0,0,0,0,0,0,0,0,0,0,0,0,0,0,0,0,0,0,0,0,0,0,0,0,0,0,0,0,0,0,0,0,0,0,0,0,0,0,0,0,0,0,0,0,0,0,0,0,0,0,0,0,0,0,0,0,0,0,0,0,0,0,0,0,0,0,0,0,0,0,0,0,0,0,0,0,0,0,0,0,0,0,0,0